{
  "overall_accuracy": 0.7354995766299746,
  "macro_accuracy": 0.7332816964134807,
  "n_val": 9448,
  "worst5": [
    [
      "give",
      0.34285714285714286
    ],
    [
      "nap",
      0.358974358974359
    ],
    [
      "there",
      0.3888888888888889
    ],
    [
      "beside",
      0.41935483870967744
    ],
    [
      "vacuum",
      0.41935483870967744
    ]
  ],
  "best5": [
    [
      "donkey",
      0.926829268292683
    ],
    [
      "gum",
      0.9487179487179487
    ],
    [
      "clown",
      0.9743589743589743
    ],
    [
      "drink",
      1.0
    ],
    [
      "stuck",
      1.0
    ]
  ],
  "n_classes_below_50pct": 12,
  "median_class_accuracy": 0.7432234432234432
}