{"train_loss": [5.230289361442942, 4.460061009092359, 3.9284792929986962, 3.5663020827612115, 3.2696369483341963, 3.0586083539700475, 2.861417435300373, 2.7118134105704224, 2.5670425346869, 2.4814554629195595, 2.3787522565896655, 2.3068296274233564, 2.2460386510006307, 2.178360531912184, 2.1398665547633082, 2.0920666473018303, 2.0454739637172654, 1.9999835229430025, 1.9671086109247156, 1.940536535486235, 1.9138419428458744, 1.8863031712387481, 1.8681168591319055, 1.8465837475654274, 1.8149795866235208, 1.792911776395332, 1.7752705802093562, 1.7566038504344366, 1.73656307469799, 1.7177117825939603, 1.7228268341219612, 1.6883734058027993, 1.6860776640529387, 1.677145817818486, 1.6525398845454122, 1.6457037432558357, 1.6412843424684866, 1.6345156849157563, 1.6139349768640103, 1.601813891968963, 1.586430439619121, 1.5778915487886742, 1.5802363668926365, 1.5612110612696066, 1.55682415071623, 1.5464250582178505, 1.5440249516714433, 1.5379536943922774, 1.5323944702963719, 1.5181923556528865, 1.5074854127833237, 1.4936245702651605, 1.494516977852625, 1.4858014462316038, 1.4829451131933398, 1.4832917813780666, 1.4852411448664624, 1.423367169692135, 1.398278309140909, 1.3884705554400265, 1.382727436639747, 1.3778260754496425, 1.3788012398997034, 1.3726850058860864, 1.350229955066955, 1.3431122092094574, 1.3404696380621426, 1.336304623007944, 1.3332601940677151, 1.3297217776011026, 1.3318413678093106, 1.319007194505281, 1.3185556284112157, 1.3151630587391019, 1.3129559358255436, 1.3143399983998836, 1.3110660441846056, 1.3114675509768288, 1.310475474211249, 1.308781709048708], "train_acc": [0.024744498935657246, 0.09744910559926613, 0.1881828552611462, 0.2643686271742582, 0.3377788754424961, 0.39186630443730963, 0.4448952710251796, 0.48456408989874045, 0.5271378000446907, 0.5514941960978019, 0.5821660845123429, 0.6009126298086536, 0.6200355172940997, 0.6415575862352845, 0.6520128426772043, 0.6671958978701384, 0.6822378247421468, 0.69350456902939, 0.7055004763080831, 0.7130978842512554, 0.723082712956756, 0.7302684966305614, 0.7369603311811265, 0.7427348316456738, 0.7521433863740606, 0.7592821272742241, 0.7641980971198061, 0.7719719154641358, 0.7791694598313517, 0.7846146608804055, 0.782850556868833, 0.7939526514483294, 0.7941290618494866, 0.7959754907149326, 0.8040668477813452, 0.8053487633630879, 0.8078302696726999, 0.8098413482458926, 0.8168272001317197, 0.8199202624986769, 0.8270825247856614, 0.8293758600007056, 0.8280821837255524, 0.8333039315998071, 0.8352679673993578, 0.8406308435945383, 0.8397605522821625, 0.8425243152336261, 0.8425713580072681, 0.8490750214632655, 0.8519563913488339, 0.8567547542603112, 0.8547671970739394, 0.8578602594408966, 0.8589657646214821, 0.8592597819567441, 0.8590951322489974, 0.8804290300956145, 0.8909783720848181, 0.8932717072998624, 0.8949299650707405, 0.8966823083889026, 0.8960001881710946, 0.8986933869620953, 0.906443683919604, 0.908901668842395, 0.9097837208481812, 0.9115007820861118, 0.9121711416105094, 0.9125945265732868, 0.9114655000058803, 0.9163579484646415, 0.9164167519316939, 0.918122052476214, 0.9184395911982971, 0.9179574027684673, 0.9178868386080044, 0.9193216432040833, 0.9200743275823543, 0.9194510108315986], "val_loss": [4.68540964926026, 4.120653548955311, 3.6396707164141002, 3.412390687322334, 3.109038053782283, 2.9932105300993763, 2.809665862833616, 2.648085159936464, 2.5644511381112145, 2.467125578112364, 2.3576386784417056, 2.378280216107219, 2.263890257737679, 2.2318506263051368, 2.2336496539685204, 2.1931144898468715, 2.1560785092104298, 2.1491639696875433, 2.087697119555364, 2.091687509309024, 2.049761607422857, 2.0629079495316134, 2.0596966929197515, 2.0795527635036537, 2.0228632564367026, 2.0440472744966742, 2.0062761183616775, 1.9972177171586025, 1.9814962333385264, 2.011173136652172, 1.994430581156628, 1.9833476139669395, 2.001800787035032, 1.9837004034121495, 1.9926229920254028, 1.975887040986942, 1.965334251712279, 1.9678392616194451, 1.9520825241502315, 1.9644340699653722, 1.9652853048423102, 1.9687156794335658, 1.959127585227766, 1.955522441541008, 1.9452761214835275, 1.96395707009305, 1.9864218911309044, 1.955692528668952, 1.9413629559315835, 1.9459710958950809, 1.9340417486040598, 1.9390008968382342, 1.9406850826528292, 1.9606247329792665, 1.9533733029571456, 1.9545209753018733, 1.9699016416809703, 1.9082758973757157, 1.9082132393177236, 1.9045432344722506, 1.9107898056860397, 1.9122047359715266, 1.9146896531075164, 1.916548521209833, 1.9013910891139638, 1.9031940503810847, 1.9050464024491274, 1.9062702698186733, 1.9048927876022688, 1.9093019697849878, 1.9036800556522018, 1.9035642276266487, 1.9052448101108301, 1.9033519464665607, 1.9031209224972252, 1.9045384937580312, 1.9037602688678739, 1.9049971721416605, 1.903373643364773, 1.9033518689451936], "val_acc": [0.0678450465707028, 0.15135478408128705, 0.24841236240474174, 0.2964648602878916, 0.38198560541913634, 0.4072819644369179, 0.4622142252328535, 0.5009525825571549, 0.5214860287891617, 0.5500635055038103, 0.5864733276883997, 0.5768416596104996, 0.6099703640982218, 0.6224597798475868, 0.6197078746824725, 0.6308213378492803, 0.6391828958509738, 0.6476502963590178, 0.6643734123624048, 0.6640558848433531, 0.6761219305673158, 0.6713590177815411, 0.6781329381879763, 0.6665961049957663, 0.6845893310753599, 0.6791913632514818, 0.6947502116850127, 0.6932684165961049, 0.6979254868755292, 0.6907281964436918, 0.6932684165961049, 0.6958086367485182, 0.6968670618120237, 0.7042760372565622, 0.6979254868755292, 0.7043818797629128, 0.7087214225232854, 0.7077688399661304, 0.7125317527519052, 0.7067104149026249, 0.7082980524978831, 0.7022650296359018, 0.706922099915326, 0.7093564775613886, 0.7163420829805249, 0.7085097375105842, 0.7073454699407282, 0.7082980524978831, 0.7165537679932261, 0.7143310753598645, 0.7218458933107536, 0.7213166807790008, 0.7170829805249789, 0.7143310753598645, 0.7149661303979679, 0.7159187129551228, 0.7127434377646062, 0.7320067739204065, 0.7312658763759525, 0.7291490262489416, 0.7308425063505504, 0.7280906011854361, 0.7273497036409822, 0.7268204911092294, 0.7348645215918713, 0.7328535139712108, 0.7329593564775614, 0.7315834038950042, 0.7335944115156647, 0.7337002540220152, 0.7316892464013548, 0.7340177815410669, 0.7341236240474175, 0.7353937341236241, 0.7354995766299746, 0.7339119390347163, 0.7333827265029635, 0.7349703640982218, 0.7356054191363252, 0.7345469940728196], "lr": [0.001414, 0.001414, 0.001414, 0.001414, 0.001414, 0.001414, 0.001414, 0.001414, 0.001414, 0.001414, 0.001414, 0.001414, 0.001414, 0.001414, 0.001414, 0.001414, 0.001414, 0.001414, 0.001414, 0.001414, 0.001414, 0.001414, 0.001414, 0.001414, 0.001414, 0.001414, 0.001414, 0.001414, 0.001414, 0.001414, 0.001414, 0.001414, 0.001414, 0.001414, 0.001414, 0.001414, 0.001414, 0.001414, 0.001414, 0.001414, 0.001414, 0.001414, 0.001414, 0.001414, 0.001414, 0.001414, 0.001414, 0.001414, 0.001414, 0.001414, 0.001414, 0.001414, 0.001414, 0.001414, 0.001414, 0.001414, 0.000707, 0.000707, 0.000707, 0.000707, 0.000707, 0.000707, 0.000707, 0.0003535, 0.0003535, 0.0003535, 0.0003535, 0.0003535, 0.0003535, 0.0003535, 0.00017675, 0.00017675, 0.00017675, 0.00017675, 0.00017675, 0.00017675, 0.00017675, 0.00017675, 0.00017675, 0.00017675]}