{
  "overall_accuracy": 0.7419559695173582,
  "macro_accuracy": 0.7399617988796118,
  "n_val": 9448,
  "worst5": [
    [
      "give",
      0.34285714285714286
    ],
    [
      "beside",
      0.3548387096774194
    ],
    [
      "nap",
      0.358974358974359
    ],
    [
      "there",
      0.3888888888888889
    ],
    [
      "mouth",
      0.4358974358974359
    ]
  ],
  "best5": [
    [
      "drink",
      0.95
    ],
    [
      "stuck",
      0.9714285714285714
    ],
    [
      "clown",
      0.9743589743589743
    ],
    [
      "shhh",
      0.975609756097561
    ],
    [
      "gum",
      1.0
    ]
  ],
  "n_classes_below_50pct": 9,
  "median_class_accuracy": 0.7533783783783784
}