{
  "overall_accuracy": 0.7415325994919559,
  "macro_accuracy": 0.739415379118431,
  "n_val": 9448,
  "worst5": [
    [
      "give",
      0.3142857142857143
    ],
    [
      "there",
      0.3333333333333333
    ],
    [
      "wake",
      0.375
    ],
    [
      "close",
      0.3783783783783784
    ],
    [
      "nap",
      0.38461538461538464
    ]
  ],
  "best5": [
    [
      "bye",
      0.95
    ],
    [
      "uncle",
      0.9512195121951219
    ],
    [
      "gum",
      0.9743589743589743
    ],
    [
      "horse",
      0.9743589743589743
    ],
    [
      "drink",
      1.0
    ]
  ],
  "n_classes_below_50pct": 10,
  "median_class_accuracy": 0.7533783783783784
}