{
  "overall_accuracy": 0.5401143099068586,
  "macro_accuracy": 0.5382760552068698,
  "n_val": 9448,
  "worst5": [
    [
      "nap",
      0.10256410256410256
    ],
    [
      "there",
      0.16666666666666666
    ],
    [
      "awake",
      0.2
    ],
    [
      "give",
      0.2
    ],
    [
      "mouth",
      0.23076923076923078
    ]
  ],
  "best5": [
    [
      "stuck",
      0.8
    ],
    [
      "gum",
      0.8205128205128205
    ],
    [
      "clown",
      0.8205128205128205
    ],
    [
      "owl",
      0.875
    ],
    [
      "shhh",
      0.9024390243902439
    ]
  ],
  "n_classes_below_50pct": 99,
  "median_class_accuracy": 0.554093567251462
}