{
  "overall_accuracy": 0.7388865368331922,
  "macro_accuracy": 0.736758679759374,
  "n_val": 9448,
  "worst5": [
    [
      "awake",
      0.325
    ],
    [
      "give",
      0.34285714285714286
    ],
    [
      "beside",
      0.3548387096774194
    ],
    [
      "mouth",
      0.358974358974359
    ],
    [
      "nap",
      0.358974358974359
    ]
  ],
  "best5": [
    [
      "mom",
      0.95
    ],
    [
      "shhh",
      0.9512195121951219
    ],
    [
      "where",
      0.972972972972973
    ],
    [
      "dad",
      0.9736842105263158
    ],
    [
      "horse",
      0.9743589743589743
    ]
  ],
  "n_classes_below_50pct": 11,
  "median_class_accuracy": 0.7567567567567568
}