{
  "overall_accuracy": 0.5413844199830652,
  "macro_accuracy": 0.5394400089164457,
  "n_val": 9448,
  "worst5": [
    [
      "nap",
      0.07692307692307693
    ],
    [
      "there",
      0.16666666666666666
    ],
    [
      "give",
      0.17142857142857143
    ],
    [
      "awake",
      0.2
    ],
    [
      "mouth",
      0.23076923076923078
    ]
  ],
  "best5": [
    [
      "first",
      0.8
    ],
    [
      "icecream",
      0.8
    ],
    [
      "stuck",
      0.8
    ],
    [
      "owl",
      0.875
    ],
    [
      "shhh",
      0.9024390243902439
    ]
  ],
  "n_classes_below_50pct": 98,
  "median_class_accuracy": 0.5513157894736842
}