{
  "overall_accuracy": 0.7305249788314987,
  "macro_accuracy": 0.7285164286757845,
  "n_val": 9448,
  "worst5": [
    [
      "mouth",
      0.3076923076923077
    ],
    [
      "give",
      0.3142857142857143
    ],
    [
      "vacuum",
      0.3225806451612903
    ],
    [
      "awake",
      0.35
    ],
    [
      "nap",
      0.358974358974359
    ]
  ],
  "best5": [
    [
      "donkey",
      0.9512195121951219
    ],
    [
      "stuck",
      0.9714285714285714
    ],
    [
      "clown",
      0.9743589743589743
    ],
    [
      "gum",
      1.0
    ],
    [
      "brown",
      1.0
    ]
  ],
  "n_classes_below_50pct": 12,
  "median_class_accuracy": 0.7368421052631579
}