{
  "overall_accuracy": 0.7471422523285352,
  "macro_accuracy": 0.7452284767016679,
  "n_val": 9448,
  "worst5": [
    [
      "give",
      0.3142857142857143
    ],
    [
      "awake",
      0.35
    ],
    [
      "nap",
      0.358974358974359
    ],
    [
      "beside",
      0.3870967741935484
    ],
    [
      "there",
      0.3888888888888889
    ]
  ],
  "best5": [
    [
      "bug",
      0.9487179487179487
    ],
    [
      "home",
      0.95
    ],
    [
      "shhh",
      0.9512195121951219
    ],
    [
      "clown",
      0.9743589743589743
    ],
    [
      "gum",
      1.0
    ]
  ],
  "n_classes_below_50pct": 12,
  "median_class_accuracy": 0.7567567567567568
}