{"train_loss": [5.447712420043292, 4.749645316701322, 4.125389703437844, 3.62824450907633, 3.279573592964232, 3.0006395672303303, 2.8013138814069993, 2.6479220222193915, 2.5167911165255124, 2.42210712290588, 2.3307607680624702, 2.257925379234076, 2.2072221625338977, 2.1493589592217757, 2.101369330737472, 2.0632542548301713, 2.014927918154834, 1.9876877478361872, 1.9565941370126998, 1.9190593847775166, 1.8929613071223232, 1.860380243036181, 1.8447844527553936, 1.828060284950041, 1.8034605681493139, 1.7768687353451678, 1.7611519828785576, 1.739291474413982, 1.7216450782907284, 1.713004955517344, 1.7058967665747549, 1.691592741545888, 1.6714699586451214, 1.6510593454804348, 1.6422422691478864, 1.6353997288350406, 1.6309056570768024, 1.6136338338586225, 1.5989026876303398, 1.591280056077381, 1.588379178049816, 1.580575450989344, 1.5725979682094766, 1.5653790137815151, 1.5602515711930898, 1.546773065342071, 1.5418624614398773, 1.5349843522065008, 1.5374503655228349, 1.526375300049029, 1.5217036416840195, 1.5213200594186658, 1.4606918803240385, 1.4393615780922702, 1.4312521745039564, 1.4262345866497266, 1.424475691797682, 1.422504020411037, 1.420978350593863, 1.4149479411532688, 1.3958664600651949, 1.3864135794116983, 1.3843549260820707, 1.3825565659368535, 1.3818114995073172, 1.3768355852026986, 1.3789149537936818, 1.369502227145334, 1.3662687724232947, 1.3640121669854752, 1.3632735714252753, 1.3612083889149964, 1.3598133738909677, 1.3570337050633678, 1.355822621517751, 1.354201291836123], "train_acc": [0.010866880711286737, 0.06737701254865987, 0.16714297474979126, 0.2714250432205483, 0.35639605311129147, 0.42830093262298746, 0.48183560902750827, 0.5231509249785368, 0.5590210398805113, 0.5861647202719072, 0.6148960942737184, 0.6347128626703831, 0.6479789248374084, 0.6649613661221465, 0.6798504039798187, 0.6901292500205812, 0.7054887156146726, 0.7153559373860683, 0.723376730292018, 0.7341730468428419, 0.7422996859894859, 0.7528843100589211, 0.7583412718013854, 0.7608345388044079, 0.7696080160886286, 0.7774053558197791, 0.7829916851897588, 0.7898246480612497, 0.7961401404226793, 0.7986216467322913, 0.799974126474497, 0.8036787448987992, 0.8122640510884521, 0.8197556127909301, 0.8226017005962671, 0.8221783156334898, 0.8228721965447082, 0.8300815016053347, 0.8354326171071046, 0.8381846193651578, 0.83799644827059, 0.8413129638123463, 0.8428536146491197, 0.8456526596808148, 0.8463230192052124, 0.8518505451081396, 0.8537910595208693, 0.855072975102612, 0.8528619647414412, 0.8583659692575474, 0.8594714744381329, 0.8597066883063426, 0.8810405861529595, 0.8887908831104682, 0.8916722529960367, 0.8917075350762681, 0.8931070575921156, 0.8927424760963907, 0.8940243916781333, 0.8965882228416188, 0.9022215949852403, 0.9058321278622588, 0.9061731879711628, 0.9062319914382152, 0.9064201625327829, 0.9077020781145256, 0.9075139070199579, 0.9111362005903868, 0.9120182525961731, 0.9126650907337497, 0.9134648178856626, 0.9125710051864658, 0.9146526479201214, 0.9154876571522657, 0.9146761693069423, 0.9165931623328512], "val_loss": [5.059235385067881, 4.307295452024248, 3.775520915807454, 3.355498622374248, 3.060402770450214, 2.829799061604822, 2.657091389057699, 2.522378666132411, 2.4564118783015703, 2.3543913206945124, 2.3146170798648122, 2.2544365143190492, 2.231771576919362, 2.1943979477296938, 2.1436799533482227, 2.1362863089652713, 2.100818898292238, 2.10541870430503, 2.059271738551412, 2.074402918561246, 2.033038944031201, 2.047104441039548, 2.0086778706155726, 2.0375332038953684, 2.0035599600350222, 1.991988306828821, 1.978841406929604, 1.9602861719349498, 1.9504737738933127, 1.969058803841787, 1.961369816677536, 1.9546105093515898, 1.939275741072452, 1.9440393074400641, 1.944460021248316, 1.9363060830307652, 1.91989877464204, 1.9370858996324272, 1.9288385431207307, 1.9484360222085666, 1.9217619021800896, 1.9298326751117885, 1.923334842814317, 1.9215092814443073, 1.9095251852935093, 1.9133269291222852, 1.909861371135631, 1.9139441167975157, 1.9251678413904691, 1.9276378767456068, 1.9338318639443548, 1.9277966444417645, 1.8767933294391552, 1.870492047621576, 1.872087048636363, 1.8768754141700157, 1.8747453352438, 1.881376126476711, 1.8769899041444744, 1.8835042206338661, 1.8705613027680839, 1.867383339665483, 1.8722518598700255, 1.8680706815533876, 1.875576187855707, 1.8681144857689247, 1.8717528709812148, 1.8675148760636513, 1.8689107710178579, 1.8681422587070902, 1.8690784730515573, 1.8717863476952692, 1.8719945288027473, 1.8677989295940092, 1.8690338218545228, 1.8701213387288247], "val_acc": [0.034187129551227775, 0.13643099068585945, 0.24227349703640982, 0.343458933107536, 0.41320914479254867, 0.4739627434377646, 0.5221210838272651, 0.5558848433530906, 0.5737722269263336, 0.6028789161727349, 0.6103937341236241, 0.6283869602032176, 0.6377011007620661, 0.6470152413209145, 0.6593988145639289, 0.6592929720575783, 0.6718882303132938, 0.6718882303132938, 0.6846951735817104, 0.6789796782387807, 0.6904106689246401, 0.6863886536833192, 0.6964436917866215, 0.6946443691786621, 0.6982430143945809, 0.7012066045723963, 0.7072396274343776, 0.7126375952582558, 0.7154953429297206, 0.7095681625740897, 0.709250635055038, 0.7167654530059272, 0.7174005080440304, 0.7211049957662997, 0.7202582557154953, 0.7185647756138865, 0.7230101608806097, 0.7231160033869602, 0.7224809483488569, 0.7201524132091448, 0.7279847586790855, 0.7245977984758679, 0.7240685859441152, 0.7252328535139713, 0.7308425063505504, 0.732112616426757, 0.7313717188823031, 0.7259737510584251, 0.7304191363251482, 0.7231160033869602, 0.7230101608806097, 0.7242802709568162, 0.7404741744284504, 0.7437552921253175, 0.7422734970364098, 0.7383573243014394, 0.7406858594411516, 0.7396274343776461, 0.742696867061812, 0.7394157493649449, 0.7472480948348857, 0.7462955122777307, 0.7465071972904318, 0.743861134631668, 0.7420618120237087, 0.7440728196443692, 0.7425910245554614, 0.743649449618967, 0.7435436071126165, 0.744813717188823, 0.7447078746824725, 0.7416384419983065, 0.7419559695173582, 0.7434377646062659, 0.7440728196443692, 0.742485182049111], "lr": [0.002, 0.002, 0.002, 0.002, 0.002, 0.002, 0.002, 0.002, 0.002, 0.002, 0.002, 0.002, 0.002, 0.002, 0.002, 0.002, 0.002, 0.002, 0.002, 0.002, 0.002, 0.002, 0.002, 0.002, 0.002, 0.002, 0.002, 0.002, 0.002, 0.002, 0.002, 0.002, 0.002, 0.002, 0.002, 0.002, 0.002, 0.002, 0.002, 0.002, 0.002, 0.002, 0.002, 0.002, 0.002, 0.002, 0.002, 0.002, 0.002, 0.002, 0.002, 0.001, 0.001, 0.001, 0.001, 0.001, 0.001, 0.001, 0.001, 0.0005, 0.0005, 0.0005, 0.0005, 0.0005, 0.0005, 0.0005, 0.00025, 0.00025, 0.00025, 0.00025, 0.00025, 0.00025, 0.000125, 0.000125, 0.000125, 0.000125]}