{
  "overall_accuracy": 0.719411515664691,
  "macro_accuracy": 0.7171253576720411,
  "n_val": 9448,
  "worst5": [
    [
      "awake",
      0.225
    ],
    [
      "beside",
      0.22580645161290322
    ],
    [
      "vacuum",
      0.2903225806451613
    ],
    [
      "mouth",
      0.3076923076923077
    ],
    [
      "give",
      0.34285714285714286
    ]
  ],
  "best5": [
    [
      "for",
      0.9473684210526315
    ],
    [
      "sad",
      0.9487179487179487
    ],
    [
      "shhh",
      0.9512195121951219
    ],
    [
      "clown",
      0.9743589743589743
    ],
    [
      "gum",
      1.0
    ]
  ],
  "n_classes_below_50pct": 12,
  "median_class_accuracy": 0.7273648648648648
}