{
  "overall_accuracy": 0.745977984758679,
  "macro_accuracy": 0.7436643280377477,
  "n_val": 9448,
  "worst5": [
    [
      "give",
      0.2857142857142857
    ],
    [
      "nap",
      0.3076923076923077
    ],
    [
      "beside",
      0.3225806451612903
    ],
    [
      "vacuum",
      0.3548387096774194
    ],
    [
      "jeans",
      0.4473684210526316
    ]
  ],
  "best5": [
    [
      "orange",
      0.9487179487179487
    ],
    [
      "drink",
      0.95
    ],
    [
      "home",
      0.95
    ],
    [
      "clown",
      0.9743589743589743
    ],
    [
      "gum",
      1.0
    ]
  ],
  "n_classes_below_50pct": 9,
  "median_class_accuracy": 0.7533783783783784
}