{"train_loss": [5.326641889476427, 4.55765312298885, 4.030973617317415, 3.592489335751993, 3.2496739996320914, 2.9955035044316998, 2.7904601942699507, 2.6505693559761343, 2.5128299587118845, 2.4250245424270247, 2.3432547108437185, 2.257974048045476, 2.199037905210671, 2.146598760438662, 2.09396560984874, 2.046604694355452, 2.004701974569176, 1.9691964118137952, 1.9449892512694524, 1.907429631490541, 1.8895985931447226, 1.856914626534052, 1.8397002637650597, 1.8138994799235764, 1.78878163126193, 1.7799912362295027, 1.7433996024444305, 1.7372672111242857, 1.697487771242598, 1.7041201088600073, 1.6887508994707585, 1.6801638238848853, 1.6621269139504518, 1.643092077060407, 1.6410329185497123, 1.6267761718572251, 1.6171443880667744, 1.6019622904274462, 1.580552106781043, 1.5728129870547047, 1.571720195995097, 1.5611679942755732, 1.5455171965029058, 1.5187820786765494, 1.5318849383519408, 1.5297045089595973, 1.5255601323043886, 1.507354262272503, 1.5163815174527415, 1.444417957837361, 1.420016295477033, 1.4177924105995137, 1.4059698657627004, 1.402911731965733, 1.3944778294809987, 1.3954353840262024, 1.3905918872627419, 1.3846273864749392, 1.3810821070377395, 1.3554626222508028, 1.348900136779506, 1.343594256271642, 1.3459065430018167, 1.3412322699242045, 1.3375472165259938, 1.339043339536553, 1.3355259047545038, 1.3349287869583164, 1.3208407100769057, 1.3179739597416318, 1.3154509990867982, 1.3135352578278279, 1.3117247714176907, 1.311974992832437, 1.3109892373585306, 1.3086808827866372, 1.308848550518501, 1.3059985255890558, 1.3064166651285893, 1.3055279483703084, 1.2989525865362501, 1.2983616002185372, 1.2975029219426268, 1.2967977829239925, 1.29721045336777, 1.2949827729272614, 1.2919908342714863, 1.2929054213018265, 1.2908859585970964], "train_acc": [0.01739406555410507, 0.08705265262439874, 0.1695186348187089, 0.2596408284232438, 0.3458819932023192, 0.412623928306813, 0.46648790412682734, 0.5032047889543567, 0.5448846864011102, 0.5701466558468288, 0.593503392960049, 0.6184125416034529, 0.6364769666819555, 0.6520834068376672, 0.6675957614460949, 0.6813204906561291, 0.6949158522386479, 0.7058885791906291, 0.712356960566395, 0.723811875948206, 0.7293276411577226, 0.7394535981841489, 0.7438285761328488, 0.7535664302767291, 0.76112855613967, 0.7639393618647755, 0.7749356102035776, 0.7779698691034823, 0.7908125463077303, 0.7890837243763892, 0.7933175740041633, 0.7952110456432512, 0.8003269472768114, 0.8079596373002152, 0.8079243552199837, 0.8122640510884521, 0.8156040880170294, 0.8201437156734761, 0.8279645767914476, 0.8306107328088064, 0.8297522021898411, 0.8329158287172612, 0.8399487233767303, 0.8496865775206106, 0.8439473591362947, 0.8448411718354915, 0.8472521139846405, 0.8532618283173976, 0.8484987474861518, 0.874384033682626, 0.8819814416257983, 0.8844041444683578, 0.8874619247550836, 0.8889672935116254, 0.8908372437638923, 0.8906725940561455, 0.8926601512425173, 0.8945183408013736, 0.8955885639017277, 0.9039974596902234, 0.9075256677133684, 0.9082783520916393, 0.9086664549741853, 0.9097131566877183, 0.9110891578167448, 0.9107951404814828, 0.9111244398969763, 0.9113949358454174, 0.9166284444130826, 0.9168518975878818, 0.9186277622928648, 0.9183572663444237, 0.9197450281668608, 0.9194627715250091, 0.9195686177657034, 0.9197920709405026, 0.9199449599548389, 0.9212974396970446, 0.9213209610838655, 0.9212386362299921, 0.9240729633419187, 0.923790706700067, 0.9244257841442332, 0.9238847922473509, 0.923837749473709, 0.9254960072445871, 0.9255195286314081, 0.9263074950899105, 0.9265897517317621], "val_loss": [4.892232495985427, 4.245260045651558, 3.7325092460218876, 3.406967221226963, 3.146046288431347, 2.9012610680162654, 2.7186040462426067, 2.5651187658511816, 2.5379235060108, 2.4825052861739376, 2.3841203637894286, 2.3112133092339215, 2.2434607290999553, 2.240422772917073, 2.1527476886083874, 2.13188387497717, 2.141056617370205, 2.116768712416026, 2.0631040731392907, 2.0738881916236718, 2.050294728323527, 2.0790392183631683, 2.018525534620939, 2.0082547222528286, 2.009950320868044, 2.0093889912743372, 2.0032653146432073, 1.9511650825939777, 1.9756001707459787, 2.003253623048296, 1.9706797474627773, 1.9792250187895644, 1.9484666471860854, 1.9654285326335108, 2.0099265938790345, 1.9733645328518499, 1.928815781918751, 1.936463900484542, 1.9366671485884728, 1.967745805775887, 1.936255301791263, 1.9322828848820233, 1.9130099173020145, 1.9344971250619654, 1.9264904144555204, 1.941260666084128, 1.9246077424484627, 1.9442821625023954, 1.9325570079050864, 1.8712260369826534, 1.873769922038441, 1.8753614514485746, 1.8727047679587807, 1.873372307477817, 1.8806701425169607, 1.8772643264525024, 1.8811042916461838, 1.8834879422571373, 1.8809424734640485, 1.871972642239628, 1.8727201385885655, 1.8693273194657858, 1.871426120034524, 1.8777040684253457, 1.8718114452378212, 1.8804835954225234, 1.8740623657426827, 1.878983474605473, 1.8683224818547028, 1.8694970476536505, 1.8687913123073465, 1.8684292174718018, 1.8696693804786935, 1.8720828624825474, 1.8710596642183308, 1.872453888223698, 1.8751690333218618, 1.8727320570949777, 1.8776965769138707, 1.8752157883963072, 1.872150850942032, 1.869558688849337, 1.8715409713716047, 1.8722827293224804, 1.8734986691228623, 1.8756109460948585, 1.8765570299792955, 1.8722568906837354, 1.8721872722567592], "val_acc": [0.04720575783234547, 0.1354784081287045, 0.22999576629974597, 0.30683742591024554, 0.36907281964436917, 0.4358594411515665, 0.4741744284504657, 0.527307366638442, 0.5337637595258256, 0.5487933954276037, 0.5770533446232007, 0.5967400508044031, 0.6172734970364098, 0.6154741744284504, 0.6445808636748518, 0.6498729889923793, 0.6450042337002541, 0.6552709568162574, 0.6712531752751905, 0.6673370025402201, 0.6731583403895004, 0.6668077900084673, 0.6864944961896697, 0.6889288738357324, 0.6899872988992379, 0.6878704487722269, 0.6898814563928873, 0.7075571549534293, 0.6989839119390348, 0.6918924640135479, 0.7009949195596952, 0.6997248094834886, 0.7136960203217613, 0.701735817104149, 0.690198983911939, 0.7042760372565622, 0.7127434377646062, 0.7162362404741744, 0.7151778154106689, 0.7052286198137172, 0.7140135478408128, 0.7166596104995766, 0.7218458933107536, 0.7152836579170194, 0.7186706181202371, 0.7174005080440304, 0.7212108382726503, 0.7156011854360711, 0.7188823031329382, 0.7369813717188823, 0.7396274343776461, 0.7370872142252328, 0.7397332768839966, 0.7392040643522438, 0.7380397967823878, 0.7359229466553768, 0.7383573243014394, 0.7362404741744285, 0.7388865368331922, 0.740580016934801, 0.7404741744284504, 0.7440728196443692, 0.7428027095681625, 0.7402624894157493, 0.7431202370872142, 0.7382514817950889, 0.7385690093141406, 0.7383573243014394, 0.7423793395427604, 0.7429085520745131, 0.7435436071126165, 0.7428027095681625, 0.742696867061812, 0.7452370872142252, 0.7443903471634208, 0.7411092294665538, 0.7422734970364098, 0.7431202370872142, 0.7413209144792549, 0.7408975444538527, 0.7429085520745131, 0.745977984758679, 0.7442845046570703, 0.7430143945808637, 0.7430143945808637, 0.7440728196443692, 0.7435436071126165, 0.744602032176122, 0.7443903471634208],