{
  "overall_accuracy": 0.7374047417442845,
  "macro_accuracy": 0.7349066241960336,
  "n_val": 9448,
  "worst5": [
    [
      "give",
      0.3142857142857143
    ],
    [
      "nap",
      0.3333333333333333
    ],
    [
      "beside",
      0.3548387096774194
    ],
    [
      "there",
      0.3611111111111111
    ],
    [
      "mouth",
      0.38461538461538464
    ]
  ],
  "best5": [
    [
      "horse",
      0.9487179487179487
    ],
    [
      "clown",
      0.9743589743589743
    ],
    [
      "gum",
      0.9743589743589743
    ],
    [
      "shhh",
      0.975609756097561
    ],
    [
      "donkey",
      1.0
    ]
  ],
  "n_classes_below_50pct": 9,
  "median_class_accuracy": 0.7435897435897436
}