{"train_loss": [5.267544600654287, 4.27080667941536, 3.5008011740413636, 3.074352462025144, 2.7476010473957024, 2.5336520458069978, 2.38482760878062, 2.2642910134643857, 2.1483398633620725, 2.076109975866962, 2.002000757344326, 1.9205120980720667, 1.8754289669560915, 1.8229175175475232, 1.7815223947029126, 1.744888987443228, 1.7044048772723912, 1.6592921094377695, 1.622960258158862, 1.599473115261662, 1.5768907665708656, 1.539947991237742, 1.525680435845182, 1.5082316134010163, 1.47463506400255, 1.46916781040138, 1.447746653776038, 1.4225449275002529, 1.40721162337168, 1.394283490011946, 1.378426025284164, 1.3694811346030995, 1.3652255836552272, 1.3433778350836, 1.33438640944569, 1.3174633565076503, 1.3049040944774588, 1.2920733662670798, 1.3044090304825966, 1.2870566132704322, 1.2748455025052305, 1.2704383056428958, 1.2131202656513147, 1.188283167375061, 1.1749819549984104, 1.1709663994829982, 1.1656638812690174, 1.159805829723599, 1.152631059408673, 1.1472956209007548, 1.151956672873371, 1.1427400554506062, 1.1434427794524216, 1.1402192416256882, 1.140174017620532, 1.1319135082222418, 1.1155007346276555, 1.107875681137685, 1.1044455615501931], "train_acc": [0.02473273824224676, 0.14002281574521633, 0.2889367157087582, 0.3919839113714145, 0.4778957767349963, 0.5397099813004975, 0.5803314163403074, 0.6136141786919757, 0.6487668912959108, 0.6727469451598866, 0.6918815933387432, 0.7183784355925625, 0.7312916769572734, 0.7471333309811946, 0.7613284879276482, 0.772148325865293, 0.7865669359865458, 0.8008679391736937, 0.8140281551000247, 0.8210610497594938, 0.8263533617942114, 0.8418539557092286, 0.8454056851191947, 0.8517094167872138, 0.8627527078996577, 0.8641404697220948, 0.8710675181408696, 0.8807818508979289, 0.8863093768008562, 0.8914252784344165, 0.8959413847040422, 0.8979054205035929, 0.8994813534205977, 0.9076197532606523, 0.9111126792035659, 0.9166284444130826, 0.9208740547342671, 0.9251196650554516, 0.92167378188618, 0.9265191875712993, 0.930964729680462, 0.9319761493137635, 0.9522398240600266, 0.9602488562725658, 0.9637182608286584, 0.9655764503875148, 0.9660821602041656, 0.9685754272071881, 0.9695280433734373, 0.9715744040268615, 0.9692457867315857, 0.9728916016888356, 0.9719507462159969, 0.9731973797175082, 0.9727739947547307, 0.9753495866116266, 0.980465488245187, 0.9812299333168684, 0.9830293194086723], "val_loss": [4.7938964809026885, 3.7937857914939963, 3.488491056734581, 2.8971772097006983, 2.7407352292467033, 2.5484269975505573, 2.4291166284142864, 2.3151125241698702, 2.333772612465932, 2.2881463020156745, 2.146595519846723, 2.1109863403588407, 2.1336227795716365, 2.0590962626790716, 2.0631117073789076, 2.04593076956262, 2.0643587433413666, 1.9925293756883897, 1.9930041429857195, 2.0114848999327064, 1.9661124489450736, 1.9526855874929663, 2.007707920647798, 1.9511530585050785, 1.9589440802413463, 1.9882269476955972, 1.9227375818651475, 1.949547330168321, 1.9491858310764063, 1.9339805355927986, 1.9372811038851434, 1.9518411436089007, 1.9748119423694273, 1.9288160766614482, 1.9292954734379109, 1.918737255850654, 1.9384650061637239, 1.934058770398585, 1.9513789006555413, 1.9789872153344343, 1.9389355517766114, 1.940800105990443, 1.8785324397478742, 1.8721876249386031, 1.8737473152735595, 1.884029617358021, 1.87460613169981, 1.8744432976647618, 1.8762367450009958, 1.8813848685249244, 1.8846883208543743, 1.8904401484835864, 1.8957964604835607, 1.8895132079354593, 1.893313584541689, 1.8967128799286663, 1.8767773333895923, 1.880862054130367, 1.8752773930519744], "val_acc": [0.06075359864521592, 0.222692633361558, 0.2787891617273497, 0.4346951735817104, 0.47872565622353935, 0.5302709568162574, 0.5629762912785775, 0.6006562235393734, 0.5866850127011007, 0.6077476714648603, 0.6432049110922947, 0.65770533446232, 0.6531541066892464, 0.6727349703640982, 0.6777095681625741, 0.6758044030482642, 0.6752751905165114, 0.6981371718882303, 0.6978196443691786, 0.6912574089754445, 0.70575783234547, 0.7124259102455546, 0.6985605419136325, 0.7134843353090601, 0.7141193903471634, 0.702688399661304, 0.7234335309060118, 0.7174005080440304, 0.7149661303979679, 0.7255503810330228, 0.7234335309060118, 0.7203640982218459, 0.7133784928027096, 0.7237510584250635, 0.7272438611346317, 0.7308425063505504, 0.7280906011854361, 0.7268204911092294, 0.721528365791702, 0.7147544453852667, 0.7254445385266723, 0.7277730736663844, 0.7425910245554614, 0.7472480948348857, 0.7460838272650296, 0.7431202370872142, 0.7465071972904318, 0.746718882303133, 0.7474597798475868, 0.7475656223539373, 0.7421676545300593, 0.742696867061812, 0.7399449618966977, 0.743649449618967, 0.742485182049111, 0.7395215918712955, 0.7451312447078747, 0.7444961896697714, 0.7471422523285352], "lr": [0.001414, 0.001414, 0.001414, 0.001414, 0.001414, 0.001414, 0.001414, 0.001414, 0.001414, 0.001414, 0.001414, 0.001414, 0.001414, 0.001414, 0.001414, 0.001414, 0.001414, 0.001414, 0.001414, 0.001414, 0.001414, 0.001414, 0.001414, 0.001414, 0.001414, 0.001414, 0.001414, 0.001414, 0.001414, 0.001414, 0.001414, 0.001414, 0.001414, 0.001414, 0.001414, 0.001414, 0.001414, 0.001414, 0.001414, 0.001414, 0.001414, 0.000707, 0.000707, 0.000707, 0.000707, 0.000707, 0.000707, 0.000707, 0.000707, 0.000707, 0.000707, 0.000707, 0.000707, 0.000707, 0.000707, 0.0003535, 0.0003535, 0.0003535, 0.0003535]}