{
  "overall_accuracy": 0.7564563928873835,
  "macro_accuracy": 0.7546843838694886,
  "n_val": 9448,
  "worst5": [
    [
      "there",
      0.3333333333333333
    ],
    [
      "beside",
      0.3548387096774194
    ],
    [
      "nap",
      0.41025641025641024
    ],
    [
      "jeans",
      0.4473684210526316
    ],
    [
      "awake",
      0.45
    ]
  ],
  "best5": [
    [
      "home",
      0.95
    ],
    [
      "where",
      0.972972972972973
    ],
    [
      "clown",
      0.9743589743589743
    ],
    [
      "gum",
      0.9743589743589743
    ],
    [
      "stuck",
      1.0
    ]
  ],
  "n_classes_below_50pct": 8,
  "median_class_accuracy": 0.7567567567567568
}