{
  "overall_accuracy": 0.7492591024555462,
  "macro_accuracy": 0.7473014148981847,
  "n_val": 9448,
  "worst5": [
    [
      "beside",
      0.25806451612903225
    ],
    [
      "awake",
      0.4
    ],
    [
      "give",
      0.4
    ],
    [
      "there",
      0.4166666666666667
    ],
    [
      "vacuum",
      0.41935483870967744
    ]
  ],
  "best5": [
    [
      "apple",
      0.9473684210526315
    ],
    [
      "stuck",
      0.9714285714285714
    ],
    [
      "where",
      0.972972972972973
    ],
    [
      "gum",
      0.9743589743589743
    ],
    [
      "clown",
      0.9743589743589743
    ]
  ],
  "n_classes_below_50pct": 7,
  "median_class_accuracy": 0.7669683257918551
}