{"train_loss": [5.38100799324049, 4.540658346699211, 3.794993924304446, 3.3434485599226345, 3.017548011983959, 2.7854570419065583, 2.6158116110969813, 2.511923624229882, 2.383740079618969, 2.3151563518135294, 2.25060207568515, 2.1789392911553245, 2.1288573147359506, 2.0712351805642615, 2.0226853688726183, 1.9908552393472316, 1.948467588170643, 1.9192654203912385, 1.8945385281414835, 1.8676747526480557, 1.8378577266471108, 1.8136157156723514, 1.7967144047596104, 1.770105792313888, 1.756412411297158, 1.7372881628091972, 1.7153765785497705, 1.7128466826520792, 1.6928429155180147, 1.6784681856129622, 1.668539441951554, 1.660417686687348, 1.6605072635805682, 1.578413149340035, 1.5572290556384467, 1.551346215844108, 1.5400103975903314, 1.5325645537474486, 1.5255518176593796, 1.5196325061033262, 1.5171094475535645, 1.5122244947709136, 1.5080563573962114, 1.5005151122497566, 1.4944759766538376, 1.4928840936827816, 1.487627793065559, 1.4598057504461759, 1.4488885577030162, 1.4453729812506344, 1.4438467203360157, 1.439267356753031, 1.4383350467997051, 1.4357438194196415, 1.4321869957371205, 1.4175122587350706, 1.41471906605807, 1.4122038411971303, 1.4095761963289528, 1.4094082844668276, 1.407914245114191, 1.4051776142076844, 1.404626334485604, 1.402829678678946, 1.402455236548127, 1.397112641560085, 1.3913522096465292, 1.3937842828938722, 1.3908252221781008, 1.3896506287475698, 1.3901899497768566, 1.3892056862493596, 1.3892885124666976, 1.3873375756046673, 1.389117524089687, 1.3848058086711281, 1.3838388731361626, 1.3803148944680532, 1.3802130462606579, 1.3792004129775561, 1.382263005453469, 1.3802589116566273, 1.380147906687168, 1.3799579137551718, 1.3771201589846667], "train_acc": [0.014536217055357584, 0.0976843194674758, 0.23429653412365192, 0.34031918521916055, 0.4249491350009997, 0.48466993613943476, 0.5334650530995307, 0.5595620317773936, 0.5976196356537181, 0.6171188653282997, 0.6345364522692258, 0.6567524021216291, 0.6717472862199956, 0.6880711286737466, 0.7021486786860953, 0.7124980888873208, 0.7252584412376953, 0.7337379011866539, 0.7416763692387304, 0.7488974349927672, 0.7586823319102894, 0.7650919098190029, 0.771419162873843, 0.7812158204847758, 0.784308882851733, 0.7909889567088876, 0.7967987392536664, 0.7972809276834962, 0.8044784720507121, 0.8078655517529314, 0.8105352291571111, 0.8147926001717061, 0.8128638464523869, 0.8416422632278399, 0.8496042526667372, 0.8517329381740347, 0.855096496489433, 0.8576132848792765, 0.8599301414811418, 0.8615295957849675, 0.8626233402721425, 0.8640463841748109, 0.866163308988698, 0.8676804384386504, 0.8702089875219043, 0.8701149019746204, 0.8723141516423808, 0.8823813052017547, 0.8859918380787731, 0.887085582565948, 0.8870738218725376, 0.8877677027837562, 0.8900610379988004, 0.8891554646061932, 0.8908372437638923, 0.8958472991567583, 0.8968351974032389, 0.8979407025838243, 0.8991402933116937, 0.8981406343718026, 0.8986463441884533, 0.9004104482000259, 0.9005162944407202, 0.9009161580166767, 0.8998459349163227, 0.9030683649107951, 0.9049618365498829, 0.9036916816615508, 0.904597255054158, 0.904938315163062, 0.9051500076444507, 0.905302896658787, 0.9044914088134637, 0.9059497347963636, 0.9043620411859483, 0.9064907266932458, 0.9064201625327829, 0.90780792435522, 0.9072904538451587, 0.9089957543896788, 0.9080784203036611, 0.9083371555586918, 0.9084077197191547, 0.9078432064354515, 0.9088781474555739], "val_loss": [4.955983870116257, 4.088668634687613, 3.5821058075878196, 3.1346555167996812, 2.9088034991184397, 2.6899451646231474, 2.633891822320743, 2.464563912198667, 2.4204728425709905, 2.373243290927832, 2.31276625137426, 2.25413523519776, 2.196981404415134, 2.1418273826456997, 2.135195010804605, 2.13241070917761, 2.078166038479268, 2.1513405879809633, 2.033749943159073, 2.0262851125602497, 2.018590504188441, 2.0032884947431984, 1.9904187187918356, 1.9854169182611865, 1.9826496051187539, 1.9563717183977947, 1.959703105269197, 1.960349725122476, 1.9901357078632997, 1.955029723404021, 1.9710773521313518, 1.9834878365938993, 1.9743146012134214, 1.876256708166137, 1.8858664055984975, 1.883376875941174, 1.8786541436507882, 1.8748275565455064, 1.8931574308700627, 1.9125881013377655, 1.8789007986732502, 1.8801589611725318, 1.8752041468672789, 1.8761448970192272, 1.8924380301621686, 1.8819113997056462, 1.877354315637432, 1.8581775084680465, 1.8588894951858326, 1.8569950932269375, 1.8599658274832265, 1.8572922289926657, 1.8614871820890733, 1.861811119656155, 1.8628551657173615, 1.8517423612802943, 1.853079823494765, 1.8518390350680953, 1.850625370035325, 1.854141594392581, 1.8529939364821704, 1.8518731414413776, 1.857775842608485, 1.8520250090293011, 1.8528985793463362, 1.848121866949729, 1.8469739732451604, 1.8490568061282733, 1.848774994863079, 1.8486670246576475, 1.8479167981030677, 1.8504331479326939, 1.8493593405304471, 1.8525971683983475, 1.8496211495669992, 1.8488530458584365, 1.848657650729542, 1.849353631202898, 1.8489607605865503, 1.8500339389352047, 1.8479900484262737, 1.8503303457174536, 1.848956573019585, 1.8491436514583914, 1.8490604870809932], "val_acc": [0.04392464013547841, 0.17061812023708722, 0.27868331922099915, 0.3943691786621507, 0.44506773920406434, 0.5132303132938189, 0.5204276037256562, 0.5679508890770534, 0.5836155800169348, 0.5868966977138018, 0.6072184589331076, 0.6274343776460627, 0.6416172734970365, 0.6563293818797629, 0.6602455546147333, 0.65961049957663, 0.6781329381879763, 0.6499788314987299, 0.6872353937341237, 0.6887171888230313, 0.6930567315834039, 0.6987722269263336, 0.7024767146486028, 0.7050169348010161, 0.7013124470787468, 0.7123200677392041, 0.7147544453852667, 0.7112616426756986, 0.7041701947502117, 0.7117908552074513, 0.7050169348010161, 0.7004657070279424, 0.7076629974597799, 0.7396274343776461, 0.7365580016934801, 0.7358171041490262, 0.7345469940728196, 0.7402624894157493, 0.7339119390347163, 0.7302074513124471, 0.7413209144792549, 0.7381456392887383, 0.7388865368331922, 0.7381456392887383, 0.7304191363251482, 0.7374047417442845, 0.7372988992379339, 0.7437552921253175, 0.7455546147332769, 0.7454487722269263, 0.7441786621507197, 0.7437552921253175, 0.7404741744284504, 0.7428027095681625, 0.743861134631668, 0.7454487722269263, 0.743649449618967, 0.746718882303133, 0.7479889923793396, 0.7471422523285352, 0.745977984758679, 0.7469305673158341, 0.7440728196443692, 0.7468247248094835, 0.7476714648602879, 0.7476714648602879, 0.7482006773920407, 0.7451312447078747, 0.7471422523285352, 0.7494707874682472, 0.7484123624047417, 0.7472480948348857, 0.7476714648602879, 0.7476714648602879, 0.7479889923793396, 0.7474597798475868, 0.7471422523285352, 0.7472480948348857, 0.7477773073666384, 0.745977984758679, 0.7472480948348857, 0.7473539373412362, 0.7465071972904318, 0.7451312447078747, 0.7462955122777307], "lr": [0.001414, 0.001414, 0.001414, 0.001414, 0.001414, 0.001414, 0.001414, 0.001414, 0.001414, 0.001414, 0.001414, 0.001414, 0.001414, 0.001414, 0.001414, 0.001414, 0.001414, 0.001414, 0.001414, 0.001414, 0.001414, 0.001414, 0.001414, 0.001414, 0.001414, 0.001414, 0.001414, 0.001414, 0.001414, 0.001414, 0.001414, 0.001414, 0.000707, 0.000707, 0.000707, 0.000707, 0.000707, 0.000707, 0.000707, 0.000707, 0.000707, 0.000707, 0.000707, 0.000707, 0.000707, 0.000707, 0.0003535, 0.0003535, 0.0003535, 0.0003535, 0.0003535, 0.0003535, 0.0003535, 0.0003535, 0.00017675, 0.00017675, 0.00017675, 0.00017675, 0.00017675, 0.00017675, 0.00017675, 0.00017675, 0.00017675, 0.00017675, 8.8375e-05, 8.8375e-05, 8.8375e-05, 8.8375e-05, 8.8375e-05, 8.8375e-05, 8.8375e-05, 8.8375e-05, 8.8375e-05, 8.8375e-05, 8.8375e-05, 4.41875e-05, 4.41875e-05, 4.41875e-05, 4.41875e-05, 4.41875e-05, 4.41875e-05, 2.209375e-05, 2.209375e-05, 2.209375e-05, 2.209375e-05]}