{
  "overall_accuracy": 0.7505292125317528,
  "macro_accuracy": 0.7486227114266636,
  "n_val": 9448,
  "worst5": [
    [
      "give",
      0.3142857142857143
    ],
    [
      "beside",
      0.3870967741935484
    ],
    [
      "awake",
      0.4
    ],
    [
      "nap",
      0.41025641025641024
    ],
    [
      "mouth",
      0.46153846153846156
    ]
  ],
  "best5": [
    [
      "drink",
      0.95
    ],
    [
      "where",
      0.972972972972973
    ],
    [
      "clown",
      0.9743589743589743
    ],
    [
      "gum",
      0.9743589743589743
    ],
    [
      "shhh",
      0.975609756097561
    ]
  ],
  "n_classes_below_50pct": 8,
  "median_class_accuracy": 0.7567567567567568
}