{"train_loss": [5.323165174493966, 4.408423175873904, 3.7151185736147943, 3.253121871734243, 2.938571661830258, 2.7346381202597216, 2.5873424228821467, 2.4762976691124194, 2.3590191569578027, 2.2957220491828934, 2.2195856436410777, 2.1588127325128172, 2.1201223870433203, 2.061701831287789, 2.028545280846474, 2.0002149923267023, 1.9618240129615532, 1.9261867857112278, 1.9005266489554888, 1.8755098557830856, 1.8517429390916385, 1.8311678777081262, 1.8069340411084838, 1.7913169189485831, 1.7721414189186766, 1.737929062542513, 1.742963827642357, 1.7383757424590929, 1.7086048365567394, 1.7094027556513238, 1.6883820577342925, 1.667825707303698, 1.6631275185957826, 1.6463178372811844, 1.6390373614174532, 1.6355455467038071, 1.636987916884522, 1.6167212519281007, 1.603874472391363, 1.610103524536391, 1.596267068675868, 1.5897767176038327, 1.5748814069533164, 1.568963348447017, 1.5062388490347178, 1.4872758759456188, 1.4840487271985787, 1.475481000950583, 1.4689871792253286, 1.4667072509258152, 1.4662843643865422, 1.460740238896028, 1.4583150704951295, 1.4519566393567025, 1.4518485376519676, 1.4507451915476273, 1.4461085673149856, 1.4451439275188522, 1.4440882978975, 1.432510526801991, 1.4095610316718938, 1.3976682640829345, 1.3964267502845642, 1.39605352801854, 1.3923197065596846, 1.3893937218169472, 1.387877991729191, 1.3860385382804516, 1.383478737569741, 1.3744006102215975, 1.3688578291060687, 1.366091061644211, 1.3647445571391874, 1.3646485976974105, 1.364545883718688, 1.363045342999359, 1.3628479187549318, 1.3598319892033475, 1.359269253468401, 1.3599822398522106, 1.3579069437356657, 1.3568822983245559, 1.350972698675536, 1.3481590869805853, 1.3494805451594911], "train_acc": [0.019334579966834846, 0.1164896682308389, 0.25200813839984004, 0.3629702807277517, 0.4460007762057651, 0.4997589057850851, 0.5410624610427031, 0.5710404685460255, 0.602700255207047, 0.6229168871796681, 0.6445683237483683, 0.6617977395947265, 0.6709475590680827, 0.6892119159345635, 0.6993143515741688, 0.7078055722165378, 0.7190723165037811, 0.7292217949170283, 0.7397828975996424, 0.7457102870785262, 0.7538134048383492, 0.7603170682943466, 0.7671029883921956, 0.7720071975443672, 0.77718190264498, 0.7893895024050618, 0.7855319949664232, 0.7867903891613449, 0.7982453045431559, 0.7967516964800244, 0.8056780627785814, 0.8106998788648578, 0.8126639146644086, 0.8174387561890649, 0.8210492890660833, 0.8197203307106987, 0.8208375965846947, 0.8255065918686566, 0.8308577073704265, 0.8291406461324959, 0.8333980171470909, 0.8356090275082619, 0.8412894424255254, 0.8424302296863423, 0.864363922896894, 0.8712792106222583, 0.8728551435392631, 0.8751955215279493, 0.8768302579120065, 0.8789942254995354, 0.8772536428747839, 0.8795587387832386, 0.8805348763363088, 0.8826165190699644, 0.8823342624281127, 0.8826753225370167, 0.8845099907090522, 0.8838631525714756, 0.8844511872419998, 0.8895788495689706, 0.8976114031683308, 0.9005633372143622, 0.9014453892201484, 0.9018452527961048, 0.9023862446929871, 0.9030213221371532, 0.9043385197991274, 0.9045031695068741, 0.9058203671688483, 0.9079725740629667, 0.9108421832551247, 0.9125945265732868, 0.9116889531806796, 0.9121476202236883, 0.9109362688024086, 0.9119947312093521, 0.9124063554787191, 0.9135589034329464, 0.9137470745275141, 0.9131472791635795, 0.9132531254042738, 0.9136412282868198, 0.9157581531007069, 0.9163932305448729, 0.9166166837196721], "val_loss": [4.83721007945475, 4.067600806621451, 3.5207471447814633, 3.056930732565548, 2.803326464224225, 2.672565428308266, 2.5735721565928125, 2.4363891900746526, 2.3755075392533316, 2.3600287869459082, 2.2442452324133217, 2.303191829999557, 2.1818962117355825, 2.1735258265938624, 2.1257441078173116, 2.1283059695532116, 2.1149415333931167, 2.1007976529963637, 2.0639441911695773, 2.0519819158704276, 2.050290799161118, 2.0112707536166043, 2.018233808796856, 2.0239618730989175, 1.9613253375819737, 2.009000676047691, 2.0024346386750405, 1.9939495340229394, 1.990129175678741, 1.9674924102301925, 1.957873623619435, 1.9907356798396485, 1.9815483137675003, 1.938654955113772, 1.9556490464497178, 1.981498672839043, 1.9469439500878163, 1.9353976938100712, 1.9670054644068655, 1.9567223626814285, 1.9651480591165928, 1.9422953354918684, 1.9479590778528484, 1.958922055290474, 1.882234219673021, 1.8868917417566622, 1.8899781524277057, 1.8853353686902, 1.8861339621176465, 1.885137320170455, 1.8896141758821052, 1.8940450618269078, 1.8893560036878077, 1.8882089874483992, 1.8917500857677023, 1.8811693227866462, 1.900936652400754, 1.8945227741286677, 1.8940300360057032, 1.910603480859897, 1.8703284235347841, 1.8712402605384613, 1.87171234507161, 1.8725175054067278, 1.8739968710890471, 1.8718530208149973, 1.8744642310582613, 1.8801184602958685, 1.8827536251462182, 1.866212041775722, 1.8674991163129426, 1.8672560904613498, 1.8654843690938407, 1.8691239239905064, 1.8716868542696237, 1.8692492502004185, 1.8707155652413623, 1.8706813026140747, 1.8711601220178564, 1.8690848976348438, 1.8682038864778523, 1.870299921915957, 1.8679205002570738, 1.866725994004323, 1.8656098249097883], "val_acc": [0.05874259102455546, 0.16955969517358171, 0.29297205757832345, 0.40939881456392885, 0.47777307366638444, 0.5177815410668924, 0.5395850973751058, 0.5785351397121083, 0.5975867908552075, 0.5983276883996613, 0.6305038103302286, 0.6093353090601186, 0.6471210838272651, 0.6476502963590178, 0.6616215071972904, 0.6603513971210838, 0.6664902624894158, 0.665961049957663, 0.6776037256562235, 0.682895850973751, 0.6852243861134631, 0.6969729043183742, 0.6936917866215072, 0.6924216765453006, 0.714225232853514, 0.6993014394580863, 0.7001481795088907, 0.7002540220152413, 0.7085097375105842, 0.7064987298899238, 0.7159187129551228, 0.7049110922946655, 0.6997248094834886, 0.7232218458933107, 0.7161303979678239, 0.7063928873835732, 0.7203640982218459, 0.7254445385266723, 0.7147544453852667, 0.7179297205757832, 0.71538950042337, 0.719411515664691, 0.7144369178662151, 0.7197290431837426, 0.7413209144792549, 0.7417442845046571, 0.7369813717188823, 0.7414267569856055, 0.7411092294665538, 0.7418501270110076, 0.7418501270110076, 0.7386748518204911, 0.7402624894157493, 0.7440728196443692, 0.7398391193903472, 0.7412150719729044, 0.7375105842506351, 0.7386748518204911, 0.7362404741744285, 0.7364521591871296, 0.7465071972904318, 0.7470364098221846, 0.7473539373412362, 0.7473539373412362, 0.7422734970364098, 0.7443903471634208, 0.7455546147332769, 0.745977984758679, 0.7411092294665538, 0.7492591024555462, 0.7497883149872989, 0.7476714648602879, 0.7503175275190517, 0.7464013547840813, 0.7496824724809483, 0.7505292125317528, 0.75, 0.7477773073666384, 0.7464013547840813, 0.7476714648602879, 0.7505292125317528, 0.7494707874682472, 0.7506350550381033, 0.7491532599491956, 0.7503175275190517], "lr": [0.001414, 0.001414, 0.001414, 0.001414, 0.001414, 0.001414, 0.001414, 0.001414, 0.001414, 0.001414, 0.001414, 0.001414, 0.001414, 0.001414, 0.001414, 0.001414, 0.001414, 0.001414, 0.001414, 0.001414, 0.001414, 0.001414, 0.001414, 0.001414, 0.001414, 0.001414, 0.001414, 0.001414, 0.001414, 0.001414, 0.001414, 0.001414, 0.001414, 0.001414, 0.001414, 0.001414, 0.001414, 0.001414, 0.001414, 0.001414, 0.001414, 0.001414, 0.001414, 0.000707, 0.000707, 0.000707, 0.000707, 0.000707, 0.000707, 0.000707, 0.000707, 0.000707, 0.000707, 0.000707, 0.000707, 0.000707, 0.000707, 0.000707, 0.000707, 0.0003535, 0.0003535, 0.0003535, 0.0003535, 0.0003535, 0.0003535, 0.0003535, 0.0003535, 0.0003535, 0.00017675, 0.00017675, 0.00017675, 0.00017675, 0.00017675, 0.00017675, 0.00017675, 0.00017675, 0.00017675, 0.00017675, 0.00017675, 0.00017675, 0.00017675, 8.8375e-05, 8.8375e-05, 8.8375e-05, 8.8375e-05]}