{
  "overall_accuracy": 0.7421676545300593,
  "macro_accuracy": 0.7401849782792618,
  "n_val": 9448,
  "worst5": [
    [
      "beside",
      0.3225806451612903
    ],
    [
      "give",
      0.34285714285714286
    ],
    [
      "wake",
      0.35
    ],
    [
      "awake",
      0.425
    ],
    [
      "nap",
      0.4358974358974359
    ]
  ],
  "best5": [
    [
      "stuck",
      0.9428571428571428
    ],
    [
      "drink",
      0.95
    ],
    [
      "shhh",
      0.9512195121951219
    ],
    [
      "gum",
      0.9743589743589743
    ],
    [
      "clown",
      0.9743589743589743
    ]
  ],
  "n_classes_below_50pct": 9,
  "median_class_accuracy": 0.7631578947368421
}