{"train_loss": [5.3709558069360375, 4.477926730405823, 3.787859839805018, 3.321436827644499, 2.9792017618512276, 2.754366340897864, 2.5837158482725453, 2.4798193363787324, 2.359944661831261, 2.296560044703847, 2.2148193201472357, 2.1608826591529744, 2.1050382767075364, 2.0559515650179363, 2.0119971456566854, 1.9856002162163424, 1.9488628578098552, 1.9092404489455301, 1.8846811579581797, 1.8586294153845941, 1.8316784914822226, 1.806459580974738, 1.7920304123416464, 1.766044835072232, 1.7471846009185714, 1.7141356571442778, 1.708959474004936, 1.702288854266426, 1.6895971173230908, 1.6733103545635217, 1.661455267951602, 1.6451262337537669, 1.6445172280074918, 1.6276685033407974, 1.614847118952185, 1.6132774185041632, 1.6028721339910463, 1.5938138217632956, 1.5822850002404836, 1.5730288098746137, 1.568411579791461, 1.5631737459352077, 1.5541907314731047, 1.5383144690726902, 1.541066076229247, 1.5297591923492495, 1.524941852228483, 1.5124085897374726, 1.5072771424100593, 1.5053054688587513, 1.4984880009783654, 1.4939924050967852, 1.4844579869043215, 1.4872587043009309, 1.4285091740677158, 1.4138580888159604, 1.4089019910799838, 1.4017341717914504, 1.3987221101774705, 1.3938408635855408, 1.3918545391481958, 1.3893198944141663, 1.389217886271251, 1.385763712786999, 1.3621066064457406, 1.3517240896311227, 1.3490036313015525, 1.3497291916738423, 1.3464627824536644, 1.343359623738863, 1.338948805824084, 1.3396836284142652, 1.3314485467420005, 1.327220509562851, 1.3254538615379203, 1.323170724353809, 1.3224796304477993, 1.3195741953360387, 1.3228834304707058, 1.3206129330771894, 1.318664531185721], "train_acc": [0.01553587599524868, 0.10477601759399734, 0.2346728763127874, 0.34519987298451116, 0.43520445965494126, 0.4955603382375425, 0.5429559326817909, 0.5688294581848545, 0.6050053511155018, 0.6223406132025544, 0.6449211445506827, 0.6614566794858224, 0.6784038386903292, 0.6929165343588658, 0.7065942207952581, 0.7138270472427054, 0.7255524585729575, 0.7374542803043668, 0.7434639946371238, 0.7530489597666679, 0.761516659022216, 0.7679027155441085, 0.7713133166331487, 0.7806042644274307, 0.7863905255853885, 0.7996095449787719, 0.7985393218784179, 0.801655905632196, 0.805278199202625, 0.8099589551799974, 0.8150983782003787, 0.8197438520975197, 0.8197556127909301, 0.8255653953357089, 0.8285643721553823, 0.828340918980583, 0.8325277258347152, 0.8343859153935717, 0.8399487233767303, 0.8413364851991674, 0.8432769996118972, 0.8453939244257841, 0.8490162179962131, 0.852273930070917, 0.8517682202542662, 0.8561314375095556, 0.8569664467416999, 0.8608239541803385, 0.8646108974585142, 0.8650225217278811, 0.8651401286619859, 0.8671276858483576, 0.8706441331780922, 0.8701737054416728, 0.8904491408813464, 0.895694410142422, 0.8961648378788414, 0.8983640875466018, 0.8990932505380517, 0.9012101753519387, 0.9017746886356419, 0.9031506897646685, 0.9026920227216597, 0.9037622458220137, 0.9128885439085489, 0.9158757600348116, 0.9163344270778205, 0.9153347681379295, 0.9174987357254584, 0.9170871114560915, 0.918804172694022, 0.9187218478401487, 0.9219677992214421, 0.9224382269578615, 0.9242376130496655, 0.9250961436686307, 0.9244022627574122, 0.9252607933763775, 0.9242964165167178, 0.9248138870267791, 0.9256724176457444], "val_loss": [4.940759748447557, 4.031479102691082, 3.491286524062839, 3.1005497717635295, 2.9176718706200426, 2.724054878389906, 2.6704227635660582, 2.398021929350876, 2.4292096809044823, 2.3145207714772043, 2.293082514826672, 2.236011317985528, 2.175111117956499, 2.153229214396142, 2.1094275938061515, 2.1608358350070627, 2.139243324160273, 2.070399574462283, 2.0446556480530456, 2.0397355722028454, 1.9991973994850203, 2.0275252896986404, 2.0088855160382924, 1.9895382309040712, 1.9390965517449439, 1.9617858033983713, 1.9505675670759441, 1.9683123890572338, 1.9591031038185784, 1.950460602730437, 1.9385322272828027, 1.9482469171108985, 1.9676213333104042, 1.9227476564127948, 1.9385439636947541, 1.9110817420694608, 1.9190058451805148, 1.9096423009005166, 1.928458445158982, 1.9237973671863888, 1.917175917581014, 1.9362543608352958, 1.9100937140785366, 1.9253428315429946, 1.9205309414035885, 1.9218546078429193, 1.916558170803112, 1.8832908395384451, 1.8957888516806425, 1.9093312300634424, 1.9034310469276112, 1.9111018118264815, 1.9082831006046073, 1.9124209717307223, 1.856332055801663, 1.8543720477521672, 1.8577994371651594, 1.8478633265289384, 1.8515101765092403, 1.860155232774313, 1.8606559969831784, 1.869893449933523, 1.8701852173445892, 1.859401529265298, 1.8393647456754576, 1.8369471005319438, 1.8445332803330514, 1.8440086982898243, 1.8448174809319402, 1.8422391400510836, 1.8479866900754924, 1.8455265379880668, 1.8349512497516731, 1.8383470492076308, 1.8367764362331975, 1.8382215100158381, 1.8384975734956177, 1.8417268887502878, 1.8389873829663153, 1.8400108719356578, 1.8418067872372852], "val_acc": [0.04784081287044877, 0.17612193056731584, 0.3050381033022862, 0.4045300592718036, 0.43998729889923793, 0.49714225232853515, 0.5117485182049111, 0.5876375952582558, 0.5756773920406435, 0.60383149872989, 0.6143099068585944, 0.6299745977984759, 0.650190516511431, 0.6564352243861135, 0.669030482641829, 0.6491320914479255, 0.6528365791701948, 0.6784504657070279, 0.6849068585944115, 0.6843776460626587, 0.6964436917866215, 0.6889288738357324, 0.6927392040643523, 0.7007832345469941, 0.7169771380186283, 0.7084038950042337, 0.713272650296359, 0.709991532599492, 0.71538950042337, 0.7165537679932261, 0.7224809483488569, 0.7180355630821338, 0.7100973751058425, 0.7265029635901779, 0.7206816257408976, 0.7278789161727349, 0.7259737510584251, 0.72883149872989, 0.7262912785774767, 0.7263971210838273, 0.7276672311600338, 0.720575783234547, 0.7316892464013548, 0.7262912785774767, 0.7261854360711262, 0.7314775613886537, 0.7296782387806944, 0.7429085520745131, 0.733065198983912, 0.7303132938187976, 0.730948348856901, 0.7328535139712108, 0.7301016088060965, 0.730948348856901, 0.7483065198983911, 0.745977984758679, 0.7432260795935648, 0.7503175275190517, 0.7464013547840813, 0.7493649449618967, 0.7489415749364945, 0.7466130397967824, 0.7451312447078747, 0.7482006773920407, 0.7512701100762066, 0.7557154953429297, 0.7519051651143099, 0.754022015241321, 0.7544453852667231, 0.7547629127857748, 0.7530694326841659, 0.7531752751905165, 0.7544453852667231, 0.7534928027095682, 0.7565622353937341, 0.7559271803556308, 0.7538103302286198, 0.7516934801016089, 0.7550804403048265, 0.7544453852667231, 0.7555038103302286], "lr": [0.001414, 0.001414, 0.001414, 0.001414, 0.001414, 0.001414, 0.001414, 0.001414, 0.001414, 0.001414, 0.001414, 0.001414, 0.001414, 0.001414, 0.001414, 0.001414, 0.001414, 0.001414, 0.001414, 0.001414, 0.001414, 0.001414, 0.001414, 0.001414, 0.001414, 0.001414, 0.001414, 0.001414, 0.001414, 0.001414, 0.001414, 0.001414, 0.001414, 0.001414, 0.001414, 0.001414, 0.001414, 0.001414, 0.001414, 0.001414, 0.001414, 0.001414, 0.001414, 0.001414, 0.001414, 0.001414, 0.001414, 0.001414, 0.001414, 0.001414, 0.001414, 0.001414, 0.001414, 0.000707, 0.000707, 0.000707, 0.000707, 0.000707, 0.000707, 0.000707, 0.000707, 0.000707, 0.000707, 0.0003535, 0.0003535, 0.0003535, 0.0003535, 0.0003535, 0.0003535, 0.0003535, 0.0003535, 0.00017675, 0.00017675, 0.00017675, 0.00017675, 0.00017675, 0.00017675, 0.00017675, 0.00017675, 0.00017675, 8.8375e-05]}