{
  "overall_accuracy": 0.7475656223539373,
  "macro_accuracy": 0.7454587849297787,
  "n_val": 9448,
  "worst5": [
    [
      "wake",
      0.3
    ],
    [
      "beside",
      0.3548387096774194
    ],
    [
      "give",
      0.37142857142857144
    ],
    [
      "nap",
      0.41025641025641024
    ],
    [
      "there",
      0.4166666666666667
    ]
  ],
  "best5": [
    [
      "horse",
      0.9743589743589743
    ],
    [
      "clown",
      0.9743589743589743
    ],
    [
      "bye",
      1.0
    ],
    [
      "gum",
      1.0
    ],
    [
      "stuck",
      1.0
    ]
  ],
  "n_classes_below_50pct": 11,
  "median_class_accuracy": 0.7631578947368421
}