{
  "overall_accuracy": 0.7525402201524132,
  "macro_accuracy": 0.7501010585133796,
  "n_val": 9448,
  "worst5": [
    [
      "give",
      0.34285714285714286
    ],
    [
      "there",
      0.3611111111111111
    ],
    [
      "nap",
      0.38461538461538464
    ],
    [
      "beside",
      0.41935483870967744
    ],
    [
      "puppy",
      0.4444444444444444
    ]
  ],
  "best5": [
    [
      "horse",
      0.9487179487179487
    ],
    [
      "bye",
      0.95
    ],
    [
      "shhh",
      0.9512195121951219
    ],
    [
      "gum",
      0.9743589743589743
    ],
    [
      "drink",
      0.975
    ]
  ],
  "n_classes_below_50pct": 10,
  "median_class_accuracy": 0.7631578947368421
}