{"train_loss": [5.117569022693514, 4.049166805230008, 3.3865049270021803, 2.9890974037739415, 2.715453246722441, 2.513034104891524, 2.3689012615061773, 2.2500819386774062, 2.154577106083544, 2.0755968801621587, 1.9905350200795877, 1.9343200775070395, 1.8731187388079558, 1.8307995675787216, 1.792310492992317, 1.7482232285535138, 1.7152213210322351, 1.6729176594967112, 1.6497834545572088, 1.6209513834076328, 1.5971287418824163, 1.571099940344414, 1.5500731509180674, 1.5337766062546143, 1.5171456129986194, 1.4912678069526857, 1.4692017848834678, 1.4525179534491246, 1.4334545496452824, 1.4146594075995444, 1.4043759322597973, 1.4011906824551152, 1.3951681005360161, 1.3840059982525872, 1.3617486904021001, 1.3597418765798308, 1.3582396352820636, 1.3268078776568073, 1.3135436345849298, 1.3120899177615155, 1.3094383744807991, 1.3020138430252473, 1.258179131782225, 1.2688771953689764, 1.2703031096570425, 1.276048533034261, 1.2694048996801879, 1.274572495131145, 1.2046261381887902, 1.1797938435426116, 1.174588509438399, 1.1625610108371567, 1.1610725469558054, 1.1530732876464131, 1.1575936074104305, 1.1500889267234644, 1.1433902543581091, 1.138777393724636, 1.1381529176018872, 1.1373454529064047, 1.1305138994956, 1.1346543762045096, 1.1177946391687363, 1.1094503166209295, 1.1034133933079469, 1.1040585715764917, 1.1004306383785922, 1.1025641740548209, 1.095237980181482, 1.0936646077259107, 1.09463091485664, 1.0921971858158324, 1.0909831802777903, 1.0889591024074754, 1.087901079138343, 1.085468186835178, 1.0921451955643604, 1.0902977745429439, 1.0859869292362547, 1.0765269878286934, 1.07606030123165, 1.0722635796653073, 1.075790181877116, 1.07340163578016, 1.0707850699257684, 1.0693854724444394, 1.0678021309706043, 1.0676611729654872, 1.0648677596036022, 1.063621231409308, 1.062261721979599, 1.0618774154101036, 1.0614452822359903, 1.060992555635727, 1.058731082021895, 1.0593043299611518, 1.05826778250581], "train_acc": [0.04111538416305025, 0.17751590633783768, 0.31716237989391854, 0.41349421961918875, 0.4858460054804831, 0.5437438991402933, 0.5835538463347799, 0.6174011219701514, 0.6457091110091852, 0.6704183278646109, 0.6951863481870891, 0.7125804137411942, 0.731985557868492, 0.7455809194510108, 0.7573651342483153, 0.7704783074010043, 0.7805337002669678, 0.7960695762622164, 0.8037140269790307, 0.8135930094438368, 0.8200378694327818, 0.8283644403674041, 0.8363969939667643, 0.8413129638123463, 0.8466876007009373, 0.856872361194416, 0.8640463841748109, 0.8698326453327688, 0.8758070775852944, 0.8828046901645321, 0.886062402239236, 0.8867210010702231, 0.8886027120159005, 0.8935069211680721, 0.9010337649507815, 0.9014924319937904, 0.9018217314092839, 0.9136294675934094, 0.9191099507226946, 0.9166284444130826, 0.9187453692269696, 0.9212974396970446, 0.9370567688670924, 0.9333639111362005, 0.9314469181102918, 0.9290477366545532, 0.9323760128897199, 0.9294946430041515, 0.9543097061002717, 0.9614484470004352, 0.9626480377283044, 0.9669524515165414, 0.9670935798374672, 0.9690693763304284, 0.9666466734878688, 0.9703748132989921, 0.9705982664737913, 0.9728563196086041, 0.9726446271272154, 0.9727269519810888, 0.9749379623422597, 0.9733267473450234, 0.9784073668983523, 0.9800538639758201, 0.9826294558327159, 0.981147608462995, 0.9828411483141046, 0.9819943783885497, 0.9840760211222054, 0.984287713603594, 0.9833821402109868, 0.9840172176551529, 0.9847110985663715, 0.9853932187841795, 0.9854990650248738, 0.9859694927612932, 0.9838290465605852, 0.9844876453915723, 0.9850286372884546, 0.9881099389620012, 0.9874631008244246, 0.9886156487786519, 0.987545425678298, 0.988298110056569, 0.989027273048019, 0.9894153759305648, 0.9892272048359971, 0.9894153759305648, 0.9899563678274471, 0.9902739065495302, 0.9908148984464124, 0.9903797527902245, 0.9903562314034036, 0.9903797527902245, 0.9912618047960108, 0.9912147620223688, 0.9916969504521986], "val_loss": [4.439434458904605, 3.672642939985051, 3.2158679520044156, 2.8344637592599917, 2.626755248480788, 2.5509371801920606, 2.4059297440922127, 2.356722614100987, 2.264713963646691, 2.1675902531371087, 2.153821930251416, 2.115721887092687, 2.0782752713341517, 2.108102699339541, 2.0645006013865395, 2.0462016255849504, 2.0088195734161327, 1.9952959182603596, 2.0127839272956947, 1.9896250497880978, 1.9924157862941863, 1.9767499648343698, 1.9756902685415734, 2.0063292184792565, 1.9538383768535488, 1.9753417690157586, 1.9669751380077365, 1.9758357319359452, 1.9599854055852026, 1.9662622597942303, 1.9419797098707285, 1.9400767500778056, 1.9863720884977207, 1.9435361170546672, 1.9739944462449142, 1.9690657830864167, 1.9696838472174145, 1.9453687871744025, 1.9359745474612682, 1.9509077015617557, 1.953446979345052, 1.9131906496882944, 1.921158656137258, 1.9615465050325063, 1.9312197693720599, 1.952015687609809, 1.9525492726292881, 1.9425831876701465, 1.892319857115265, 1.8904097013610788, 1.8866937982137681, 1.8840031744967467, 1.891528184488605, 1.8859067209487643, 1.8885743729044682, 1.888605551836755, 1.8900928174308758, 1.8919274635379542, 1.8940518784583573, 1.891549273126717, 1.890512575646965, 1.9078511957593332, 1.8846905292039398, 1.88115038778901, 1.8838334644779524, 1.884596818185882, 1.8839644881045787, 1.8817709116083803, 1.884750641573293, 1.8856372344705838, 1.8835297668515172, 1.8851576335948974, 1.8820614263629833, 1.8856263219250349, 1.8875567233734065, 1.8858952506127546, 1.8899845901330985, 1.885130879840641, 1.8873689309910735, 1.8813671252164268, 1.8853412019711848, 1.883615527286255, 1.8849518262764642, 1.883461531494554, 1.885286858887313, 1.8872195200633437, 1.8844406792513906, 1.8837939398860044, 1.8832347936089215, 1.881420443564729, 1.8816368014604534, 1.8837468280921439, 1.8816194499982402, 1.8819263292307777, 1.88244116296211, 1.8816238148145812, 1.8820193625425101], "val_acc": [0.10616003386960203, 0.24989415749364946, 0.3479043183742591, 0.4464436917866215, 0.5079381879762913, 0.526354784081287, 0.5667866215071973, 0.583086367485182, 0.6126164267569856, 0.6441574936494496, 0.645956816257409, 0.6597163420829806, 0.6700889077053345, 0.6603513971210838, 0.6720999153259949, 0.6820491109229466, 0.6939034716342083, 0.6966553767993227, 0.6927392040643523, 0.7037468247248095, 0.6977138018628282, 0.7023708721422524, 0.7044877222692634, 0.6933742591024555, 0.711155800169348, 0.7089331075359865, 0.7084038950042337, 0.711155800169348, 0.7179297205757832, 0.7152836579170194, 0.7185647756138865, 0.7178238780694327, 0.7045935647756139, 0.7260795935647756, 0.7147544453852667, 0.7159187129551228, 0.7150719729043183, 0.7232218458933107, 0.7305249788314987, 0.7195173581710415, 0.7252328535139713, 0.7345469940728196, 0.7319009314140559, 0.7204699407281965, 0.7268204911092294, 0.723645215918713, 0.7299957662997459, 0.7256562235393734, 0.7416384419983065, 0.7399449618966977, 0.7444961896697714, 0.7450254022015241, 0.746718882303133, 0.7454487722269263, 0.745766299745978, 0.7470364098221846, 0.7428027095681625, 0.7431202370872142, 0.7430143945808637, 0.7444961896697714, 0.745977984758679, 0.742485182049111, 0.7474597798475868, 0.7492591024555462, 0.7464013547840813, 0.7486240474174428, 0.747883149872989, 0.7505292125317528, 0.7479889923793396, 0.7468247248094835, 0.7506350550381033, 0.7492591024555462, 0.7512701100762066, 0.7493649449618967, 0.7477773073666384, 0.7487298899237934, 0.7486240474174428, 0.7485182049110923, 0.7479889923793396, 0.7488357324301439, 0.7503175275190517, 0.7526460626587638, 0.7505292125317528, 0.7490474174428451, 0.7480948348856901, 0.7503175275190517, 0.7495766299745978, 0.7477773073666384, 0.7505292125317528, 0.7511642675698561, 0.7494707874682472, 0.75, 0.7483065198983911, 0.7523285351397121, 0.7522226926333616, 0.7526460626587638, 0.7517993226079593],