{
  "overall_accuracy": 0.5375740897544454,
  "macro_accuracy": 0.5356147449282919,
  "n_val": 9448,
  "worst5": [
    [
      "nap",
      0.10256410256410256
    ],
    [
      "jeans",
      0.13157894736842105
    ],
    [
      "give",
      0.2
    ],
    [
      "bedroom",
      0.20512820512820512
    ],
    [
      "mouth",
      0.20512820512820512
    ]
  ],
  "best5": [
    [
      "gum",
      0.7948717948717948
    ],
    [
      "brown",
      0.825
    ],
    [
      "chocolate",
      0.8717948717948718
    ],
    [
      "owl",
      0.875
    ],
    [
      "shhh",
      0.9024390243902439
    ]
  ],
  "n_classes_below_50pct": 99,
  "median_class_accuracy": 0.5488095238095239
}