{
  "overall_accuracy": 0.5405376799322608,
  "macro_accuracy": 0.5385771096229137,
  "n_val": 9448,
  "worst5": [
    [
      "nap",
      0.07692307692307693
    ],
    [
      "give",
      0.14285714285714285
    ],
    [
      "finger",
      0.18421052631578946
    ],
    [
      "close",
      0.1891891891891892
    ],
    [
      "awake",
      0.2
    ]
  ],
  "best5": [
    [
      "gum",
      0.7948717948717948
    ],
    [
      "callonphone",
      0.8157894736842105
    ],
    [
      "brown",
      0.825
    ],
    [
      "owl",
      0.875
    ],
    [
      "shhh",
      0.8780487804878049
    ]
  ],
  "n_classes_below_50pct": 95,
  "median_class_accuracy": 0.5428571428571428
}