{
  "overall_accuracy": 0.5343988145639289,
  "macro_accuracy": 0.5326129048879413,
  "n_val": 9448,
  "worst5": [
    [
      "nap",
      0.07692307692307693
    ],
    [
      "give",
      0.14285714285714285
    ],
    [
      "finger",
      0.15789473684210525
    ],
    [
      "backyard",
      0.1891891891891892
    ],
    [
      "close",
      0.1891891891891892
    ]
  ],
  "best5": [
    [
      "gum",
      0.7948717948717948
    ],
    [
      "brown",
      0.8
    ],
    [
      "callonphone",
      0.8157894736842105
    ],
    [
      "shhh",
      0.8536585365853658
    ],
    [
      "owl",
      0.875
    ]
  ],
  "n_classes_below_50pct": 95,
  "median_class_accuracy": 0.5395010395010396
}