{
  "overall_accuracy": 0.5363039796782387,
  "macro_accuracy": 0.534467779792512,
  "n_val": 9448,
  "worst5": [
    [
      "nap",
      0.07692307692307693
    ],
    [
      "give",
      0.14285714285714285
    ],
    [
      "jeans",
      0.15789473684210525
    ],
    [
      "awake",
      0.175
    ],
    [
      "there",
      0.19444444444444445
    ]
  ],
  "best5": [
    [
      "gum",
      0.7948717948717948
    ],
    [
      "brown",
      0.825
    ],
    [
      "chocolate",
      0.8461538461538461
    ],
    [
      "owl",
      0.875
    ],
    [
      "shhh",
      0.9024390243902439
    ]
  ],
  "n_classes_below_50pct": 95,
  "median_class_accuracy": 0.5428571428571428
}