{
  "overall_accuracy": 0.7453429297205758,
  "macro_accuracy": 0.7433138226772237,
  "n_val": 9448,
  "worst5": [
    [
      "beside",
      0.22580645161290322
    ],
    [
      "give",
      0.37142857142857144
    ],
    [
      "nap",
      0.41025641025641024
    ],
    [
      "wake",
      0.45
    ],
    [
      "awake",
      0.475
    ]
  ],
  "best5": [
    [
      "sick",
      0.9473684210526315
    ],
    [
      "drink",
      0.975
    ],
    [
      "shhh",
      0.975609756097561
    ],
    [
      "gum",
      1.0
    ],
    [
      "stuck",
      1.0
    ]
  ],
  "n_classes_below_50pct": 6,
  "median_class_accuracy": 0.7567567567567568
}