{"train_loss": [5.246558171957018, 4.378112891424472, 3.8203062892393356, 3.4147782172816226, 3.105601071983337, 2.8581397947254357, 2.6817188255032263, 2.5389814218014317, 2.4249963295085557, 2.339142531374198, 2.2493201183523266, 2.183234636662104, 2.124000866100278, 2.0747147712652674, 2.020993389429596, 1.9841176436185728, 1.9469719834188566, 1.9063661607989215, 1.8799928094009712, 1.8514097881613798, 1.8203461023282639, 1.7888125945784064, 1.774879253230687, 1.758657057328574, 1.7331577356863606, 1.7098409374690944, 1.6931807684247016, 1.6796211982407354, 1.6623881707296166, 1.6464037508479397, 1.6321742461481932, 1.6109579448049207, 1.600558142894273, 1.5884700559812972, 1.5746541168668164, 1.569417755575947, 1.5567806990262245, 1.5427122168775422, 1.53212725681986, 1.5160277353072587, 1.5196353651018109, 1.5102067569690427, 1.498449860897862, 1.4981215894113606, 1.4874899535030583, 1.46882469808666, 1.4676906348233738, 1.4598222508223717, 1.4494348177675271, 1.4469918115538658, 1.4397258016166403, 1.4383662062873774, 1.3776183320905404, 1.3516175791332574, 1.347138498519746, 1.3425199215983223, 1.337146985197041, 1.3378384875752676, 1.3363962999707109, 1.3291925707781311, 1.3241955675119448, 1.3278533571782523, 1.320009725486313, 1.3220113936911708, 1.316569901210603, 1.3193795926024483, 1.3169871611804835, 1.3126013071271285, 1.2980661227562924], "train_acc": [0.022815745216337956, 0.11090333886085924, 0.21041056580695996, 0.30448435239741733, 0.3817873901845253, 0.44750614496230695, 0.4967599289654118, 0.534688165214221, 0.567818038551553, 0.5938679744557739, 0.6218937068529561, 0.6404403203612885, 0.6572581119382799, 0.673193851509485, 0.6894353691093627, 0.6995730868291995, 0.7117689258958708, 0.7242940643780357, 0.7326676780863, 0.7414176339836996, 0.7517435227981042, 0.7608462994978183, 0.7653153629938021, 0.7703371790800786, 0.7787931176422161, 0.7860729868633055, 0.7912359312705077, 0.7954580202048713, 0.8015735807783226, 0.8064189864634419, 0.8121229227675264, 0.8184031330487246, 0.8213433064013455, 0.8252831386938574, 0.8294817062413999, 0.8314104599607193, 0.8364675581272272, 0.8408425360759271, 0.8429712215832246, 0.8491926283973703, 0.8474285243857977, 0.8506744757670912, 0.8549200860882757, 0.8547201543002976, 0.857554481412224, 0.8645050512178198, 0.8644462477507674, 0.8681038234014278, 0.8698561667195898, 0.8717731597454986, 0.8743017088287526, 0.8755483423302638, 0.8957767349962954, 0.9043267591057169, 0.9061026238106998, 0.9083959590257441, 0.9094779428195087, 0.908560608733491, 0.9089251902292159, 0.912065295369815, 0.91388820284844, 0.912382834091898, 0.9150642721894883, 0.9144056733585012, 0.9161462559832527, 0.9142175022639335, 0.9164637947053358, 0.9175928212727422, 0.9224970304249138], "val_loss": [4.7045159101688085, 4.027758015302356, 3.5104440342663303, 3.291951562669901, 2.9079494157350236, 2.7786853864574512, 2.595194894716358, 2.5066183180651556, 2.444261160268307, 2.3046644075153035, 2.2525656275785546, 2.1932162836787055, 2.1723666152744148, 2.150151962147841, 2.1001232643434298, 2.0894654005084576, 2.0628166852817, 2.050209394660065, 2.0607614145755364, 2.037668122365049, 1.9947814127835655, 2.030646022147389, 1.9907197936120222, 2.017027778609338, 1.954416265939879, 1.9615454086300481, 1.972364545171287, 1.956230019432927, 1.939654982160654, 1.9237067848822507, 1.9493539807758122, 1.9492854696527364, 1.9165278732726172, 1.9391838834005124, 1.9433814817116888, 1.9210253952924323, 1.9184554757756969, 1.9072812059791688, 1.9002854517210752, 1.9104342638285456, 1.899331698470152, 1.9118486932533258, 1.9219685392194032, 1.9077635316097767, 1.8950166809266145, 1.9063432791998183, 1.9067758577138463, 1.9271067743277166, 1.9107819727979203, 1.8920815376585363, 1.9173069957148514, 1.9317944823030089, 1.8562723349757764, 1.8488007877763302, 1.860026939353329, 1.8595069292538455, 1.8574806966587813, 1.8632166236260501, 1.859678199491089, 1.8690169223984048, 1.8700867920584037, 1.8727226879110184, 1.8704482653098626, 1.880004828709046, 1.867465292165887, 1.8787174317717654, 1.8838031849146495, 1.8687337150420302, 1.8655020143902978], "val_acc": [0.06646909398814564, 0.17252328535139713, 0.28207027942421675, 0.3305461473327688, 0.4349068585944115, 0.4669771380186283, 0.5142887383573242, 0.5436071126164268, 0.5587425910245555, 0.5979043183742591, 0.6131456392887383, 0.6327265029635902, 0.6369602032176122, 0.6414055884843353, 0.6613039796782387, 0.6623624047417442, 0.6706181202370872, 0.6756985605419137, 0.6771803556308214, 0.6804614733276884, 0.6972904318374259, 0.6830016934801016, 0.6933742591024555, 0.6872353937341237, 0.7032176121930568, 0.7064987298899238, 0.7040643522438611, 0.705969517358171, 0.7109441151566469, 0.7166596104995766, 0.7100973751058425, 0.7115791701947503, 0.7201524132091448, 0.714225232853514, 0.7094623200677392, 0.7199407281964437, 0.7221634208298052, 0.7257620660457239, 0.724809483488569, 0.7265029635901779, 0.72692633361558, 0.7268204911092294, 0.7220575783234547, 0.7254445385266723, 0.7293607112616427, 0.7304191363251482, 0.7268204911092294, 0.7185647756138865, 0.7245977984758679, 0.7291490262489416, 0.7237510584250635, 0.7176121930567316, 0.7399449618966977, 0.7425910245554614, 0.740580016934801, 0.7430143945808637, 0.743861134631668, 0.7425910245554614, 0.7418501270110076, 0.7423793395427604, 0.7417442845046571, 0.7417442845046571, 0.7444961896697714, 0.7385690093141406, 0.7422734970364098, 0.7418501270110076, 0.7378281117696867, 0.7434377646062659, 0.7453429297205758], "lr": [0.001, 0.001, 0.001, 0.001, 0.001, 0.001, 0.001, 0.001, 0.001, 0.001, 0.001, 0.001, 0.001, 0.001, 0.001, 0.001, 0.001, 0.001, 0.001, 0.001, 0.001, 0.001, 0.001, 0.001, 0.001, 0.001, 0.001, 0.001, 0.001, 0.001, 0.001, 0.001, 0.001, 0.001, 0.001, 0.001, 0.001, 0.001, 0.001, 0.001, 0.001, 0.001, 0.001, 0.001, 0.001, 0.001, 0.001, 0.001, 0.001, 0.001, 0.001, 0.0005, 0.0005, 0.0005, 0.0005, 0.0005, 0.0005, 0.0005, 0.0005, 0.0005, 0.0005, 0.0005, 0.0005, 0.0005, 0.0005, 0.0005, 0.0005, 0.0005, 0.0005]}