{
  "overall_accuracy": 0.7365580016934801,
  "macro_accuracy": 0.7342129867312885,
  "n_val": 9448,
  "worst5": [
    [
      "give",
      0.34285714285714286
    ],
    [
      "wake",
      0.35
    ],
    [
      "beside",
      0.3548387096774194
    ],
    [
      "nap",
      0.38461538461538464
    ],
    [
      "mouth",
      0.41025641025641024
    ]
  ],
  "best5": [
    [
      "clown",
      0.9743589743589743
    ],
    [
      "drink",
      0.975
    ],
    [
      "shhh",
      0.975609756097561
    ],
    [
      "gum",
      1.0
    ],
    [
      "stuck",
      1.0
    ]
  ],
  "n_classes_below_50pct": 12,
  "median_class_accuracy": 0.7567567567567568
}