{
  "overall_accuracy": 0.7451312447078747,
  "macro_accuracy": 0.7429235260147211,
  "n_val": 9448,
  "worst5": [
    [
      "wake",
      0.35
    ],
    [
      "mouth",
      0.358974358974359
    ],
    [
      "give",
      0.37142857142857144
    ],
    [
      "there",
      0.4166666666666667
    ],
    [
      "vacuum",
      0.41935483870967744
    ]
  ],
  "best5": [
    [
      "frog",
      0.95
    ],
    [
      "drink",
      0.95
    ],
    [
      "uncle",
      0.9512195121951219
    ],
    [
      "stuck",
      0.9714285714285714
    ],
    [
      "gum",
      0.9743589743589743
    ]
  ],
  "n_classes_below_50pct": 10,
  "median_class_accuracy": 0.7631578947368421
}