{"train_loss": [5.363101456163043, 4.712267650961406, 4.147251888181674, 3.6559424481476417, 3.2920271613849135, 3.0526802033316693, 2.863888111138504, 2.7069628616793038, 2.558091455298378, 2.457068726914076, 2.3553436302855815, 2.2866057458284086, 2.212606147270753, 2.157239903540513, 2.104460662876835, 2.0584529708866275, 2.021634359972913, 1.9730847576128885, 1.9400396000475477, 1.9202349497492468, 1.8865220482034875, 1.8557494733228972, 1.8429453529598985, 1.8101743356431403, 1.792916622107356, 1.7682946995274857, 1.7401105088947266, 1.7349575799857606, 1.710872203217849, 1.6984387990690344, 1.6887491025956536, 1.6621149589420718, 1.6479616378304747, 1.6336296608834724, 1.6296979905038427, 1.6060190098783296, 1.61341254292715, 1.5951673438118381, 1.5773294462317193, 1.5807103951844956, 1.5578139955052053, 1.5553234435505678, 1.536616242271616, 1.5284029351212352, 1.5158403678999652, 1.4983265021621524, 1.4985409817651147, 1.5050533957317016, 1.4897583231799056, 1.4908285095230456, 1.4797676977770697, 1.4658558418593488, 1.4680486124323333, 1.455100525682946, 1.457950167413738, 1.4506365346404415, 1.4491015861587027, 1.4368446416220826, 1.4307855360776782, 1.3702808470972707, 1.3480284249882524, 1.3460806973907575, 1.3373354726773168, 1.332070018015075, 1.3341136873865453, 1.3305459640824915, 1.3275150187266853, 1.3204223212520156, 1.3040504949863871, 1.2965714029087076, 1.2917706559852853, 1.2935504052007245, 1.2899839291057593, 1.2857369938971657, 1.2839126461380423, 1.2821149170229773, 1.2814097599439862, 1.280887780653683, 1.2782181524268927, 1.2778398389614622, 1.278942103435219, 1.2745031714390322, 1.2798767959774764, 1.2741084684522734, 1.27043044546499, 1.260699710828114, 1.2571883156847794, 1.2551604082687875, 1.255363402913524], "train_acc": [0.014171635559632596, 0.06818850039398323, 0.15130132072587, 0.24983241011890062, 0.337508379494055, 0.39661762457514493, 0.4470709993061191, 0.48825694762963223, 0.5330651895235743, 0.5615260675769443, 0.5914805536934458, 0.6124733914311588, 0.6327253054840113, 0.6494490115137188, 0.6664784955720989, 0.679615190111609, 0.6896000188171094, 0.7054299121476202, 0.7162262286984441, 0.723082712956756, 0.7319973185619024, 0.742252643215844, 0.74580437262581, 0.7564478001622976, 0.7606463677098402, 0.7666913641228287, 0.7796046054875395, 0.7782874078255654, 0.7867903891613449, 0.7900598619294593, 0.794234908090181, 0.803090710228275, 0.807418645403333, 0.8131578637876489, 0.812381658022557, 0.820896400051747, 0.8174857989627068, 0.82340142774818, 0.8314104599607193, 0.8288231074104129, 0.8365498829811006, 0.8364087546601747, 0.8443119406320196, 0.846240694351339, 0.8489574145291606, 0.8562490444436603, 0.8563548906843548, 0.852956050288725, 0.858377729950958, 0.8582130802432112, 0.8611179715156005, 0.8667983864328641, 0.8654223853038375, 0.8712792106222583, 0.8702795516823671, 0.8714085782497736, 0.8716908348916252, 0.8767126509779016, 0.8786178833104, 0.8986933869620953, 0.906443683919604, 0.9087017370544167, 0.9110538757365134, 0.9122652271577932, 0.9119712098225311, 0.91315903985699, 0.9137823566077455, 0.9157228710204753, 0.9221794917028308, 0.9238965529407613, 0.9258723494337227, 0.9236260569923203, 0.9268837690670242, 0.9271189829352339, 0.9279304707805572, 0.92848322337085, 0.9290477366545532, 0.9287654800127015, 0.9300356349010338, 0.9300473955944443, 0.9296240106316669, 0.9306824730386104, 0.9286949158522386, 0.9314469181102918, 0.9317056533653224, 0.9350809723741311, 0.9366686659845465, 0.9373743075891755, 0.9372567006550706], "val_loss": [4.994298134689912, 4.321697312225032, 3.8433497176142084, 3.3474924348351514, 3.11742911048101, 2.990778133689499, 2.809870062391199, 2.6126905832121072, 2.5172509925028312, 2.409735608565212, 2.3764123771273415, 2.3025303791378837, 2.2594723984107032, 2.2273017586943054, 2.165922109602267, 2.151997222423957, 2.094687582980163, 2.119226153274394, 2.1357915807234646, 2.085955935146322, 2.046691692248933, 2.061616102383361, 2.031984140669058, 2.0350037182316147, 2.029360273548549, 1.9834935437007843, 1.995283681997094, 1.9871728975423608, 2.0019496950832694, 1.970548436764839, 1.9678163437597032, 1.9632360311406432, 1.9740250506308197, 1.9424377731303861, 1.962171954284978, 1.9433910905254987, 1.9311189679752256, 1.9536435684846882, 1.9538423209549713, 1.9142484759799916, 1.9306137347806822, 1.935587932253974, 1.9335887480549243, 1.9540305291061983, 1.914927561741376, 1.919124375148712, 1.9452734946397077, 1.93717818296531, 1.9115466899936426, 1.9035378346293785, 1.899215816341145, 1.9035653708649327, 1.9005889585722715, 1.926555477089038, 1.9085052758329102, 1.9383002494372723, 1.9223870358963724, 1.9149157514418715, 1.9252892800249557, 1.8542901302776935, 1.8534234415970043, 1.849546303696596, 1.8584457836748685, 1.8620257724855636, 1.8636034542377675, 1.8624989013365019, 1.8617739824800548, 1.8762571385712263, 1.8575990730983336, 1.860432428792813, 1.8562205405077825, 1.8626512415221341, 1.8577431224343335, 1.8598345514074612, 1.8596202761918987, 1.8611682906784717, 1.859023228628367, 1.8665169086827755, 1.8635498352922897, 1.8736105304365942, 1.862817127557249, 1.869649188585144, 1.8687431689140455, 1.874077526418765, 1.8727956538882728, 1.8613740021045888, 1.8607035272712933, 1.8652548317582198, 1.8650463093750362], "val_acc": [0.03355207451312447, 0.12023708721422523, 0.20512277730736664, 0.3281117696867062, 0.3810330228619814, 0.41013971210838274, 0.4534292972057578, 0.5114309906858594, 0.5384208298052497, 0.5679508890770534, 0.5803344623200677, 0.6013971210838273, 0.6152624894157493, 0.620977984758679, 0.6377011007620661, 0.6488145639288738, 0.6635266723116003, 0.6546359017781541, 0.6492379339542761, 0.6601397121083827, 0.6792972057578324, 0.6719940728196444, 0.675381033022862, 0.6792972057578324, 0.6799322607959356, 0.6924216765453006, 0.6906223539373413, 0.6913632514817951, 0.685965283657917, 0.6993014394580863, 0.6962320067739204, 0.7025825571549534, 0.7003598645215918, 0.7120025402201524, 0.705969517358171, 0.7126375952582558, 0.7181414055884844, 0.707874682472481, 0.709038950042337, 0.7187764606265876, 0.7178238780694327, 0.7125317527519052, 0.7145427603725656, 0.7079805249788315, 0.718458933107536, 0.7214225232853514, 0.7158128704487722, 0.7146486028789162, 0.7208933107535986, 0.7252328535139713, 0.7263971210838273, 0.7261854360711262, 0.7299957662997459, 0.7201524132091448, 0.7245977984758679, 0.7158128704487722, 0.7225867908552075, 0.7223751058425063, 0.720575783234547, 0.7400508044030483, 0.7379339542760373, 0.742485182049111, 0.7419559695173582, 0.7422734970364098, 0.73846316680779, 0.7420618120237087, 0.7395215918712955, 0.7360287891617273, 0.740580016934801, 0.7410033869602032, 0.7421676545300593, 0.7430143945808637, 0.7417442845046571, 0.7443903471634208, 0.7444961896697714, 0.7421676545300593, 0.740580016934801, 0.7425910245554614, 0.7451312447078747, 0.7396274343776461, 0.7423793395427604, 0.7407917019475021, 0.7408975444538527, 0.7414267569856055, 0.7388865368331922, 0.7437552921253175, 0.7433319220999153, 0.743649449618967, 0.743649449618967],