{
  "overall_accuracy": 0.7568797629127858,
  "macro_accuracy": 0.7548827217837178,
  "n_val": 9448,
  "worst5": [
    [
      "give",
      0.34285714285714286
    ],
    [
      "beside",
      0.3870967741935484
    ],
    [
      "mouth",
      0.4358974358974359
    ],
    [
      "awake",
      0.45
    ],
    [
      "wake",
      0.45
    ]
  ],
  "best5": [
    [
      "horse",
      0.9487179487179487
    ],
    [
      "donkey",
      0.9512195121951219
    ],
    [
      "clown",
      0.9743589743589743
    ],
    [
      "drink",
      0.975
    ],
    [
      "shhh",
      0.975609756097561
    ]
  ],
  "n_classes_below_50pct": 7,
  "median_class_accuracy": 0.7728110599078342
}