{"train_loss": [5.269900417127117, 4.298363380861472, 3.5659166512159963, 3.104719021015019, 2.7702571517020957, 2.544538839543419, 2.38042126247949, 2.264114283434732, 2.1594754808909062, 2.0798416685464445, 1.994475830864335, 1.933544281412861, 1.8816522696688676, 1.8257100215433912, 1.7681657429055724, 1.72095968876562, 1.6793099189954535, 1.6398452826297392, 1.613574956092031, 1.579522002920843, 1.5462809975844958, 1.5311788471128474, 1.5012393979803387, 1.4852017922829819, 1.4904815579076445, 1.4765815748294286, 1.4665969435330761, 1.452066815007818, 1.4227685073527099, 1.412197149483083, 1.3896852700650768, 1.3843135652744112, 1.3666679242484736, 1.3683910611154477, 1.3654721712188178, 1.3401661817931236, 1.3265731100947522, 1.3199375409114493, 1.3127648981491604, 1.3024687370351482, 1.2889348771821134, 1.2716178571081955, 1.2734688948947899, 1.2355088493654056, 1.2510584467383714, 1.2354028847369842, 1.2500720245426067, 1.1864158115416796, 1.1592347423901517, 1.1520292440495026, 1.1494860162452234, 1.1477793178540516, 1.1411210143114272, 1.1358818982820083, 1.137043169580583, 1.1349252850007596, 1.1312871103693094, 1.13695800011258, 1.124529494543201, 1.1190261861751931, 1.1241919813680583, 1.115270870864622, 1.0994448249943387, 1.0923179861594368, 1.0884141932820386, 1.08863166946297, 1.0871492612744509, 1.0851119050196858, 1.0835687068650781, 1.0796048302275225, 1.0812702026068732, 1.080896246775202, 1.0828372154195014, 1.078913062146708, 1.0753263742624357, 1.0692439023541789, 1.0658748772058264, 1.063865531525399, 1.0633503426684379, 1.063168998614414, 1.060732783598176, 1.058904784285046, 1.058141265089144, 1.0569601304223026], "train_acc": [0.024873866563172566, 0.13465993955003586, 0.27378894259605546, 0.38296345952557365, 0.46978089828176267, 0.535758388314575, 0.5827188371026356, 0.6150137012078232, 0.6459796069576262, 0.6692187371367416, 0.6950569805595738, 0.7148031847957755, 0.7300215220689412, 0.74653353561726, 0.7646685248562255, 0.7806042644274307, 0.7956344306060286, 0.8073716026296911, 0.8159921908995754, 0.8280821837255524, 0.8388079361159134, 0.8454292065060156, 0.8546966329134765, 0.8607181079396441, 0.8576838490397394, 0.8625762974985005, 0.8652930176763222, 0.8707146973385551, 0.8802996624680991, 0.8845805548695151, 0.8922485269731504, 0.8939891095979019, 0.8995989603547025, 0.8989874042973574, 0.8998929776899646, 0.9068082654153289, 0.9140646132495972, 0.9157816744875278, 0.9171459149231439, 0.9219207564478001, 0.9258488280469016, 0.9318232602994273, 0.9314351574168813, 0.94478354443778, 0.9394677110162415, 0.9444189629420551, 0.9388326335720754, 0.9607545660892166, 0.9692575474249961, 0.9704218560726341, 0.9706805913276647, 0.9716920109609662, 0.9728327982217831, 0.9744792952992508, 0.9736442860671065, 0.9743381669783251, 0.9754436721589105, 0.9736795681473379, 0.977278340330946, 0.9788189911677192, 0.9769490409154524, 0.9801714709099248, 0.9838878500276377, 0.9852873725434852, 0.9860400569217561, 0.9860282962283456, 0.986792741300027, 0.9867574592197956, 0.9872161262628044, 0.9877218360794553, 0.9871455621023415, 0.9880981782685907, 0.98686330546049, 0.9876630326124028, 0.9880158534147173, 0.9900386926813205, 0.9908737019134648, 0.9911324371684954, 0.9905444024979713, 0.9912735654894212, 0.9915675828246834, 0.9918968822401769, 0.9920615319479237, 0.9922379423490809], "val_loss": [4.724410767276645, 3.898063644728955, 3.4567186707263273, 2.9905026229532163, 2.6655127323854786, 2.581713569053243, 2.4013959402557554, 2.327521201213672, 2.2756163010044084, 2.194118110533996, 2.1224903107496966, 2.1278337788319406, 2.0832739191273326, 2.0489176193805796, 2.067291127131411, 2.0422473969245543, 1.9990982409759057, 2.0129207066819386, 1.979183252134331, 1.968668239385167, 1.9959814275956376, 1.973958717777404, 1.942831725815814, 1.9545716496466783, 1.9494601870673274, 1.9768154695819335, 1.9528245612991553, 1.9362145574490566, 1.9418458423808305, 1.9504566041218034, 1.9177151412705462, 1.928061083350315, 1.931104889166345, 1.9346353044760216, 1.9483093825767446, 1.9132316865525338, 1.9392762363814984, 1.9101561325066783, 1.9113425487789635, 1.9268666040483517, 1.899055447647069, 1.926646132876972, 1.8957469469404746, 1.9285942472511182, 1.9182249589253038, 1.9453274846379782, 1.9198701444265702, 1.8656832747899508, 1.8628286287806783, 1.8631145465585965, 1.8617464441247757, 1.866082253444003, 1.8631942686037326, 1.8752850264840768, 1.871079189912633, 1.8691092568065633, 1.8796886600345801, 1.876408098715024, 1.8719154781047618, 1.8831738331477386, 1.878489661075421, 1.8840972042810502, 1.8621092375610766, 1.8638541110989202, 1.8575962719323775, 1.866576452360226, 1.861603306876109, 1.862495999332205, 1.8674442794341137, 1.8643481450803596, 1.8671888905395198, 1.8723364984656066, 1.8685607391328352, 1.8667188956513434, 1.8674250648346722, 1.8644081607498828, 1.864928707644457, 1.8612579711910833, 1.8618530603307066, 1.8619473818295291, 1.863632473170404, 1.8606003679328809, 1.8613373748737305, 1.8609631794373127], "val_acc": [0.07398391193903471, 0.20385266723116002, 0.2947713801862828, 0.4136325148179509, 0.49714225232853515, 0.5219093988145639, 0.5741955969517358, 0.5914479254868755, 0.6108171041490262, 0.6299745977984759, 0.6581287044877223, 0.6571761219305673, 0.6678662150719729, 0.679614733276884, 0.6707239627434378, 0.6810965283657917, 0.6945385266723116, 0.6904106689246401, 0.7002540220152413, 0.7050169348010161, 0.6959144792548687, 0.7025825571549534, 0.7158128704487722, 0.7117908552074513, 0.7140135478408128, 0.7076629974597799, 0.7139077053344624, 0.7212108382726503, 0.7230101608806097, 0.7186706181202371, 0.7271380186282811, 0.7254445385266723, 0.719411515664691, 0.7214225232853514, 0.7208933107535986, 0.7296782387806944, 0.7247036409822185, 0.7314775613886537, 0.7350762066045724, 0.7275613886536834, 0.7393099068585944, 0.7291490262489416, 0.7382514817950889, 0.7294665537679932, 0.729043183742591, 0.7286198137171889, 0.7343353090601186, 0.746718882303133, 0.7496824724809483, 0.7475656223539373, 0.7525402201524132, 0.7509525825571549, 0.7510584250635055, 0.7475656223539373, 0.7493649449618967, 0.7538103302286198, 0.7476714648602879, 0.7508467400508044, 0.752116850127011, 0.7475656223539373, 0.7454487722269263, 0.7482006773920407, 0.7550804403048265, 0.7531752751905165, 0.7545512277730737, 0.7528577476714648, 0.7535986452159187, 0.753281117696867, 0.756350550381033, 0.7558213378492803, 0.7533869602032176, 0.7524343776460627, 0.7555038103302286, 0.7503175275190517, 0.7504233700254022, 0.754233700254022, 0.7549745977984759, 0.755397967823878, 0.7522226926333616, 0.7541278577476714, 0.754233700254022, 0.7546570702794242, 0.756350550381033, 0.7568797629127858], "lr": [0.001414, 0.001414, 0.001414, 0.001414, 0.001414, 0.001414, 0.001414, 0.001414, 0.001414, 0.001414, 0.001414, 0.001414, 0.001414, 0.001414, 0.001414, 0.001414, 0.001414, 0.001414, 0.001414, 0.001414, 0.001414, 0.001414, 0.001414, 0.001414, 0.001414, 0.001414, 0.001414, 0.001414, 0.001414, 0.001414, 0.001414, 0.001414, 0.001414, 0.001414, 0.001414, 0.001414, 0.001414, 0.001414, 0.001414, 0.001414, 0.001414, 0.001414, 0.001414, 0.001414, 0.001414, 0.001414, 0.000707, 0.000707, 0.000707, 0.000707, 0.000707, 0.000707, 0.000707, 0.000707, 0.000707, 0.000707, 0.000707, 0.000707, 0.000707, 0.000707, 0.000707, 0.0003535, 0.0003535, 0.0003535, 0.0003535, 0.0003535, 0.0003535, 0.0003535, 0.0003535, 0.0003535, 0.0003535, 0.0003535, 0.0003535, 0.0003535, 0.00017675, 0.00017675, 0.00017675, 0.00017675, 0.00017675, 0.00017675, 8.8375e-05, 8.8375e-05, 8.8375e-05, 8.8375e-05]}