{
  "overall_accuracy": 0.7447078746824725,
  "macro_accuracy": 0.742610935013359,
  "n_val": 9448,
  "worst5": [
    [
      "beside",
      0.22580645161290322
    ],
    [
      "give",
      0.3142857142857143
    ],
    [
      "awake",
      0.35
    ],
    [
      "nap",
      0.38461538461538464
    ],
    [
      "there",
      0.4166666666666667
    ]
  ],
  "best5": [
    [
      "sick",
      0.9473684210526315
    ],
    [
      "ear",
      0.9487179487179487
    ],
    [
      "uncle",
      0.9512195121951219
    ],
    [
      "gum",
      1.0
    ],
    [
      "shhh",
      1.0
    ]
  ],
  "n_classes_below_50pct": 9,
  "median_class_accuracy": 0.7631578947368421
}