{
  "overall_accuracy": 0.7058636748518204,
  "macro_accuracy": 0.7036205345518268,
  "n_val": 9448,
  "worst5": [
    [
      "give",
      0.22857142857142856
    ],
    [
      "there",
      0.2777777777777778
    ],
    [
      "beside",
      0.2903225806451613
    ],
    [
      "vacuum",
      0.3548387096774194
    ],
    [
      "nap",
      0.38461538461538464
    ]
  ],
  "best5": [
    [
      "sad",
      0.9487179487179487
    ],
    [
      "clown",
      0.9487179487179487
    ],
    [
      "horse",
      0.9487179487179487
    ],
    [
      "brown",
      0.95
    ],
    [
      "gum",
      1.0
    ]
  ],
  "n_classes_below_50pct": 22,
  "median_class_accuracy": 0.7222222222222222
}