{
  "overall_accuracy": 0.7504233700254022,
  "macro_accuracy": 0.7483227477711505,
  "n_val": 9448,
  "worst5": [
    [
      "beside",
      0.2903225806451613
    ],
    [
      "give",
      0.34285714285714286
    ],
    [
      "there",
      0.3888888888888889
    ],
    [
      "nap",
      0.41025641025641024
    ],
    [
      "lips",
      0.425
    ]
  ],
  "best5": [
    [
      "aunt",
      0.9743589743589743
    ],
    [
      "clown",
      0.9743589743589743
    ],
    [
      "because",
      0.975
    ],
    [
      "shhh",
      0.975609756097561
    ],
    [
      "gum",
      1.0
    ]
  ],
  "n_classes_below_50pct": 10,
  "median_class_accuracy": 0.7639318885448916
}