{"train_loss": [5.269900417127117, 4.298363380861472, 3.5659166512159963, 3.104719021015019, 2.7702571517020957, 2.544538839543419, 2.38042126247949, 2.264114283434732, 2.1594754808909062, 2.0798416685464445, 1.994475830864335, 1.933544281412861, 1.8799962820393996, 1.8267477539569323, 1.7868387316245393, 1.7511407583659286, 1.693112774139994, 1.6680124588573153, 1.6440828891537864, 1.616290869419703, 1.5811673192054054, 1.5612219028882617, 1.5404167489729919, 1.5182642912452222, 1.5059641576872913, 1.4502052548903834, 1.4520659730169414, 1.4409950547489243, 1.4185333262594182, 1.3994076002065992, 1.4048428036439273, 1.3764371714912025, 1.3723505414385084, 1.3521491989471814, 1.3456477554177366, 1.3315757566447832, 1.3201999255502153, 1.2586912551565121, 1.2302954281147105, 1.2214265655053287, 1.2169988034934573, 1.2138382712398528, 1.2055265255868495, 1.1992341452231263, 1.1937255901883153, 1.1701066370164819, 1.1642486269010899, 1.1567937912171178, 1.156411323896289, 1.1521336907737825, 1.1523148858852423, 1.1466869175049268, 1.1438297912311786, 1.1429143197298495], "train_acc": [0.024873866563172566, 0.13465993955003586, 0.27378894259605546, 0.38296345952557365, 0.46978089828176267, 0.535758388314575, 0.5827188371026356, 0.6150137012078232, 0.6459796069576262, 0.6692187371367416, 0.6950569805595738, 0.7148031847957755, 0.7317385833068718, 0.7475449552505615, 0.7601524185865999, 0.7708428888967294, 0.7899187336085336, 0.7988686212939115, 0.805619259311529, 0.815180703054252, 0.826247515553517, 0.8333862564536805, 0.840477954580202, 0.8468404897152736, 0.851156664196921, 0.8726316903644639, 0.870467722776935, 0.8741488198144163, 0.8813816462618635, 0.8884263016147432, 0.8863446588810876, 0.8964706159075139, 0.8969645650307542, 0.9051382469510403, 0.9072904538451587, 0.9114537393124699, 0.9159345635018641, 0.9378682567124158, 0.9465476484493526, 0.9501464206329605, 0.9512754472003669, 0.9512754472003669, 0.9546390055157652, 0.956238459819591, 0.9584141881005304, 0.9649296122499382, 0.9656940573216197, 0.9688576838490397, 0.9689870514765551, 0.9705865057803809, 0.9698103000152889, 0.971562643333451, 0.9718448999753025, 0.9723388490985428], "val_loss": [4.724410767276645, 3.898063644728955, 3.4567186707263273, 2.9905026229532163, 2.6655127323854786, 2.581713569053243, 2.4013959402557554, 2.327521201213672, 2.2756163010044084, 2.194118110533996, 2.1224903107496966, 2.1278337788319406, 2.102939172481501, 2.074012337853402, 2.0259562049449045, 2.036481081682378, 1.9945951679013323, 2.00895084777593, 2.01340481066078, 1.96674187984838, 1.9924253000231944, 1.9607602475963337, 2.01477642164303, 1.9857211613634902, 1.9166507359584644, 1.929969322267576, 1.9560326908121262, 1.9503947376296442, 1.9418233944943757, 1.9574501875797437, 1.9266757092972513, 1.9427217853765786, 1.9544544654009606, 1.9151254705611576, 1.9233041550525662, 1.919405415944383, 1.9311737493374508, 1.867699041293901, 1.8632399151630064, 1.8703107688509741, 1.8809092765536781, 1.8782406036980974, 1.8722518086938107, 1.8761280658990018, 1.874643238190369, 1.8673790146192184, 1.8633771540248525, 1.8694977134491406, 1.863874329842318, 1.8707526951498343, 1.8732564382690378, 1.8684891479485728, 1.870527392015126, 1.873731320435268], "val_acc": [0.07398391193903471, 0.20385266723116002, 0.2947713801862828, 0.4136325148179509, 0.49714225232853515, 0.5219093988145639, 0.5741955969517358, 0.5914479254868755, 0.6108171041490262, 0.6299745977984759, 0.6581287044877223, 0.6571761219305673, 0.6551651143099069, 0.6726291278577476, 0.6851185436071127, 0.6816257408975445, 0.7012066045723963, 0.695385266723116, 0.6913632514817951, 0.7055461473327689, 0.6946443691786621, 0.7066045723962744, 0.6931625740897545, 0.6998306519898391, 0.7230101608806097, 0.7179297205757832, 0.7123200677392041, 0.7136960203217613, 0.7158128704487722, 0.7134843353090601, 0.7284081287044877, 0.7197290431837426, 0.7134843353090601, 0.7267146486028789, 0.7276672311600338, 0.7275613886536834, 0.7217400508044031, 0.7423793395427604, 0.7485182049110923, 0.7452370872142252, 0.7392040643522438, 0.7429085520745131, 0.7450254022015241, 0.7437552921253175, 0.7464013547840813, 0.7489415749364945, 0.7494707874682472, 0.7466130397967824, 0.7456604572396275, 0.7483065198983911, 0.7452370872142252, 0.7503175275190517, 0.7482006773920407, 0.7454487722269263], "lr": [0.001414, 0.001414, 0.001414, 0.001414, 0.001414, 0.001414, 0.001414, 0.001414, 0.001414, 0.001414, 0.001414, 0.001414, 0.001414, 0.001414, 0.001414, 0.001414, 0.001414, 0.001414, 0.001414, 0.001414, 0.001414, 0.001414, 0.001414, 0.001414, 0.001414, 0.001414, 0.001414, 0.001414, 0.001414, 0.001414, 0.001414, 0.001414, 0.001414, 0.001414, 0.001414, 0.001414, 0.000707, 0.000707, 0.000707, 0.000707, 0.000707, 0.000707, 0.000707, 0.000707, 0.0003535, 0.0003535, 0.0003535, 0.0003535, 0.0003535, 0.0003535, 0.0003535, 0.0003535, 0.0003535, 0.0003535]}